Player Name,Player ID,Date,Game,Team,Victory,OT,Closest to Ball_All Zones,Closest to Ball_Defense Zone,Closest to Ball_Neutral Zone,Closest to Ball_Offense Zone,Furthest from Ball_All Zones,Furthest from Ball_Defense Zone,Furthest from Ball_Neutral Zone,Furthest from Ball_Offense Zone,First man_All Zones,First man_Defense Zone,First man_Neutral Zone,First man_Offense Zone,Last man_All Zones,Last man_Defense Zone,Last man_Neutral Zone,Last man_Offense Zone,Left Side_All Zones,Left Side_Defense Zone,Left Side_Neutral Zone,Left Side_Offense Zone,Right Side_All Zones,Right Side_Defense Zone,Right Side_Neutral Zone,Right Side_Offense Zone,Ball Touches_All Zones,Ball Touches_Defense Zone,Ball Touches_Neutral Zone,Ball Touches_Offense Zone,Time on Ball_All Zones,Time on Ball_Defense Zone,Time on Ball_Neutral Zone,Time on Ball_Offense Zone,Behind Ball_All Zones,Behind Ball_Defense Zone,Behind Ball_Neutral Zone,Behind Ball_Offense Zone,Ahead of Ball_All Zones,Ahead of Ball_Defense Zone,Ahead of Ball_Neutral Zone,Ahead of Ball_Offense Zone,Average Ball Distance_All Zones,Average Ball Distance_Defense Zone,Average Ball Distance_Neutral Zone,Average Ball Distance_Offense Zone,Distance traveled_All Zones,Distance traveled_Defense Zone,Distance traveled_Neutral Zone,Distance traveled_Offense Zone,Distance traveled on ground_All Zones,Distance traveled on ground_Defense Zone,Distance traveled on ground_Neutral Zone,Distance traveled on ground_Offense Zone,Distance traveled in the air_All Zones,Distance traveled in the air_Defense Zone,Distance traveled in the air_Neutral Zone,Distance traveled in the air_Offense Zone,Distance traveled in low air_All Zones,Distance traveled in low air_Defense Zone,Distance traveled in low air_Neutral Zone,Distance traveled in low air_Offense Zone,Distance traveled in high air_All Zones,Distance traveled in high air_Defense Zone,Distance traveled in high air_Neutral Zone,Distance traveled in high air_Offense Zone,Average Speed_All Zones,Average Speed_Defense Zone,Average Speed_Neutral Zone,Average Speed_Offense Zone,Max Speed (82.8)_All Zones,Max Speed (82.8)_Defense Zone,Max Speed (82.8)_Neutral Zone,Max Speed (82.8)_Offense Zone,SuperSonic (80+)_All Zones,SuperSonic (80+)_Defense Zone,SuperSonic (80+)_Neutral Zone,SuperSonic (80+)_Offense Zone,Boost Speed (50-79)_All Zones,Boost Speed (50-79)_Defense Zone,Boost Speed (50-79)_Neutral Zone,Boost Speed (50-79)_Offense Zone,Drive Speed (1-49)_All Zones,Drive Speed (1-49)_Defense Zone,Drive Speed (1-49)_Neutral Zone,Drive Speed (1-49)_Offense Zone,Stopped_All Zones,Stopped_Defense Zone,Stopped_Neutral Zone,Stopped_Offense Zone,On Ground_All Zones,On Ground_Defense Zone,On Ground_Neutral Zone,On Ground_Offense Zone,In Air_All Zones,In Air_Defense Zone,In Air_Neutral Zone,In Air_Offense Zone,In Low Air_All Zones,In Low Air_Defense Zone,In Low Air_Neutral Zone,In Low Air_Offense Zone,In High Air_All Zones,In High Air_Defense Zone,In High Air_Neutral Zone,In High Air_Offense Zone,Average Boost_All Zones,Average Boost_Defense Zone,Average Boost_Neutral Zone,Average Boost_Offense Zone,Empty (0)_All Zones,Empty (0)_Defense Zone,Empty (0)_Neutral Zone,Empty (0)_Offense Zone,Low (0-33)_All Zones,Low (0-33)_Defense Zone,Low (0-33)_Neutral Zone,Low (0-33)_Offense Zone,Medium (34-66)_All Zones,Medium (34-66)_Defense Zone,Medium (34-66)_Neutral Zone,Medium (34-66)_Offense Zone,High (67-100)_All Zones,High (67-100)_Defense Zone,High (67-100)_Neutral Zone,High (67-100)_Offense Zone,Full (100)_All Zones,Full (100)_Defense Zone,Full (100)_Neutral Zone,Full (100)_Offense Zone,Boost Gained_All Zones,Boost Gained_Defense Zone,Boost Gained_Neutral Zone,Boost Gained_Offense Zone,Boost Lost_All Zones,Boost Lost_Defense Zone,Boost Lost_Neutral Zone,Boost Lost_Offense Zone,Boost Lost while SuperSonic_All Zones,Boost Lost while SuperSonic_Defense Zone,Boost Lost while SuperSonic_Neutral Zone,Boost Lost while SuperSonic_Offense Zone,Boost Lost while Max Speed_All Zones,Boost Lost while Max Speed_Defense Zone,Boost Lost while Max Speed_Neutral Zone,Boost Lost while Max Speed_Offense Zone,Boost Lost on Ground_All Zones,Boost Lost on Ground_Defense Zone,Boost Lost on Ground_Neutral Zone,Boost Lost on Ground_Offense Zone,Boost Lost in Air_All Zones,Boost Lost in Air_Defense Zone,Boost Lost in Air_Neutral Zone,Boost Lost in Air_Offense Zone,Boost Lost in Low Air_All Zones,Boost Lost in Low Air_Defense Zone,Boost Lost in Low Air_Neutral Zone,Boost Lost in Low Air_Offense Zone,Boost Lost in High Air_All Zones,Boost Lost in High Air_Defense Zone,Boost Lost in High Air_Neutral Zone,Boost Lost in High Air_Offense Zone,Passes Given_All Zones,Passes Given_Defense Zone,Passes Given_Neutral Zone,Passes Given_Offense Zone,Passes Received_All Zones,Passes Received_Defense Zone,Passes Received_Neutral Zone,Passes Received_Offense Zone,50/50s_All Zones,50/50s_Defense Zone,50/50s_Neutral Zone,50/50s_Offense Zone,Possession Losses_All Zones,Possession Losses_Defense Zone,Possession Losses_Neutral Zone,Possession Losses_Offense Zone,Interceptions_All Zones,Interceptions_Defense Zone,Interceptions_Neutral Zone,Interceptions_Offense Zone,Self Touches_All Zones,Self Touches_Defense Zone,Self Touches_Neutral Zone,Self Touches_Offense Zone,Score_All Zones,Score_Defense Zone,Score_Neutral Zone,Score_Offense Zone,Goals_All Zones,Goals_Defense Zone,Goals_Neutral Zone,Goals_Offense Zone,Shots_All Zones,Shots_Defense Zone,Shots_Neutral Zone,Shots_Offense Zone,Assists_All Zones,Assists_Defense Zone,Assists_Neutral Zone,Assists_Offense Zone,Saves_All Zones,Saves_Defense Zone,Saves_Neutral Zone,Saves_Offense Zone,Kills_All Zones,Kills_Defense Zone,Kills_Neutral Zone,Kills_Offense Zone,Deaths_All Zones,Deaths_Defense Zone,Deaths_Neutral Zone,Deaths_Offense Zone,Boost Lost When Demoed_All Zones,Boost Lost When Demoed_Defense Zone,Boost Lost When Demoed_Neutral Zone,Boost Lost When Demoed_Offense Zone,Avg Speed When Demoed_All Zones,Avg Speed When Demoed_Defense Zone,Avg Speed When Demoed_Neutral Zone,Avg Speed When Demoed_Offense Zone,Avg Speed After Killing_All Zones,Avg Speed After Killing_Defense Zone,Avg Speed After Killing_Neutral Zone,Avg Speed After Killing_Offense Zone,Avg Boost When Demoed_All Zones,Avg Boost When Demoed_Defense Zone,Avg Boost When Demoed_Neutral Zone,Avg Boost When Demoed_Offense Zone,Avg Boost When Killing_All Zones,Avg Boost When Killing_Defense Zone,Avg Boost When Killing_Neutral Zone,Avg Boost When Killing_Offense Zone,Small Pads Collected_All Zones,Small Pads Collected_Defense Zone,Small Pads Collected_Neutral Zone,Small Pads Collected_Offense Zone,Big Boosts Collected_All Zones,Big Boosts Collected_Defense Zone,Big Boosts Collected_Neutral Zone,Big Boosts Collected_Offense Zone,Overfill from Small Pads_All Zones,Overfill from Small Pads_Defense Zone,Overfill from Small Pads_Neutral Zone,Overfill from Small Pads_Offense Zone,Overfill from Big Boosts_All Zones,Overfill from Big Boosts_Defense Zone,Overfill from Big Boosts_Neutral Zone,Overfill from Big Boosts_Offense Zone,Boost Gained from Small Pads_All Zones,Boost Gained from Small Pads_Defense Zone,Boost Gained from Small Pads_Neutral Zone,Boost Gained from Small Pads_Offense Zone,Boost Gained from Big Boosts_All Zones,Boost Gained from Big Boosts_Defense Zone,Boost Gained from Big Boosts_Neutral Zone,Boost Gained from Big Boosts_Offense Zone
ASAPxLEG,Epic|9bf7a786ec6f407db493d328612839ea|0,2025-09-10T22:06:35.000Z,8,KAPPA,TRUE,FALSE,28,13,5,9,46,32,11,3,25,6,5,14,56,46,10,0,49,27,11,11,51,31,11,9,9,4,3,2,9,4,2,3,77,52,17,8,23,6,5,12,3694,4088,3730,2577,404112,222547,91326,90239,302751,189323,67629,45799,97799,32578,22834,42387,91799,29935,22834,39030,6000,2643,0,3357,48,45,51,53,3,1,1,1,10,4,3,3,31,16,7,7,58,37,11,10,1,1,0,0,77,49,17,12,23,9,5,9,21,9,5,8,2,1,0,1,68,75,67,49,4,1,1,2,15,4,4,6,28,17,5,6,57,38,12,8,26,21,5,0,1449,676,544,229,1473,701,269,503,38,31,0,7,114,31,24,59,1056,510,174,372,933,387,189,357,849,356,189,304,84,31,0,53,1,1,0,0,3,1,1,1,2,0,1,1,3,2,0,1,4,2,1,1,1,0,1,0,231,0,0,0,0,0,0,0,2,0,0,0,0,0,0,0,2,0,0,0,0,0,0,0,0,0,0,0,0,0,0,0,0,0,0,0,0,0,0,0,0,0,0,0,0,0,0,0,48,27,5,16,11,6,5,0,22,17,5,0,337,174,163,0,554,307,55,192,763,426,337,0
ASAPxLEG,Epic|9bf7a786ec6f407db493d328612839ea|0,2025-09-10T22:17:25.000Z,10,KAPPA,TRUE,FALSE,30,19,5,7,42,30,9,4,26,12,5,10,44,35,7,2,54,35,10,9,46,30,7,8,10,6,2,2,13,9,2,2,70,49,14,6,30,16,4,11,3253,3391,3836,2365,353341,214585,65156,73600,273868,182928,49456,41484,76073,30518,14980,30575,74536,28981,14980,30575,1537,1537,0,0,44,40,49,54,2,0,0,1,5,1,1,3,34,21,6,7,58,41,10,7,3,3,0,0,81,56,14,11,19,9,4,6,19,9,4,6,1,1,0,0,56,63,51,39,9,3,5,1,31,16,6,9,27,17,4,6,42,33,7,2,17,15,2,1,1555,752,489,314,1373,813,200,360,37,0,0,37,59,13,13,33,1151,717,164,270,735,362,142,231,714,341,142,231,21,21,0,0,2,1,0,1,2,2,0,0,2,0,2,0,2,2,0,0,4,3,1,0,1,1,0,0,340,0,0,0,1,0,0,0,1,0,0,0,2,0,0,0,0,0,0,0,0,0,0,0,2,1,0,1,94,91,0,3,53,37,0,68,0,0,0,0,47,91,0,3,0,0,0,0,57,38,6,13,9,5,3,1,18,18,0,0,128,106,10,12,666,438,72,156,772,394,290,88
ASAPxLEG,Epic|9bf7a786ec6f407db493d328612839ea|0,2025-09-10T22:25:01.000Z,12,KAPPA,TRUE,FALSE,32,15,6,11,37,23,8,6,24,5,6,13,46,35,7,3,50,28,12,10,50,28,9,13,15,6,5,4,16,5,4,8,80,49,18,13,20,7,4,10,3223,3588,3219,2436,444763,230242,98926,115595,337924,199941,79096,58887,102876,29192,18588,55096,99617,28879,18588,52150,3259,313,0,2946,51,48,55,57,4,1,1,2,10,3,3,4,39,20,9,10,50,32,9,9,0,0,0,0,79,49,17,13,21,7,4,10,20,7,4,9,1,0,0,1,61,65,68,49,6,2,2,2,26,14,4,8,24,12,4,8,50,30,13,7,19,12,5,1,1717,1015,421,281,1732,752,383,597,74,38,4,32,160,60,26,74,1396,698,271,427,897,291,164,442,856,289,164,403,41,2,0,39,2,1,1,0,7,3,2,2,1,0,1,0,3,2,1,0,2,2,0,0,4,2,0,2,527,0,0,0,3,0,0,0,3,0,0,0,0,0,0,0,1,0,0,0,0,0,0,0,1,0,0,1,17,0,0,17,53,0,0,53,0,0,0,0,17,0,0,17,0,0,0,0,59,34,8,17,12,8,3,1,41,39,0,2,231,146,85,0,667,369,96,202,969,654,215,100
ASAPxLEG,Epic|9bf7a786ec6f407db493d328612839ea|0,2025-09-10T22:31:53.000Z,14,KAPPA,TRUE,FALSE,28,14,7,7,38,26,8,4,25,7,7,12,39,30,8,1,69,40,16,13,31,19,6,7,11,7,3,1,13,5,5,3,73,48,16,9,27,10,6,11,3190,3276,3817,2815,392169,214411,88020,89738,274712,171622,53523,49567,112700,40902,33021,38777,106570,39455,31851,35264,6130,1447,1170,3513,46,43,55,54,3,1,1,1,7,3,2,2,35,18,8,9,57,37,11,9,1,0,0,0,74,47,15,12,26,12,7,8,24,11,6,7,2,1,0,1,60,61,75,51,10,6,1,3,24,13,5,6,27,16,4,6,49,29,13,8,12,7,3,1,1513,667,503,343,1452,676,233,543,50,10,14,26,114,39,29,46,1000,506,133,361,1082,492,278,312,1001,467,264,270,81,25,14,42,0,0,0,0,1,1,0,0,1,0,0,1,3,3,0,0,2,2,0,0,1,1,0,0,236,0,0,0,0,0,0,0,1,0,0,0,1,0,0,0,1,0,0,0,0,0,0,0,0,0,0,0,0,0,0,0,0,0,0,0,0,0,0,0,0,0,0,0,0,0,0,0,60,35,8,17,12,4,5,3,37,32,0,5,432,102,199,131,683,388,96,199,768,298,301,169
BBComedian,XboxOne|2535434117314620|0,2025-09-10T22:06:35.000Z,8,KAPPA,TRUE,FALSE,34,12,7,15,23,9,8,6,31,6,6,20,19,11,8,0,62,18,16,28,38,18,11,9,14,4,6,4,16,6,4,6,70,27,23,21,30,9,5,16,2770,2770,3272,2587,408506,150843,111789,145874,219997,91729,58910,69358,178441,55678,49217,73546,173872,55678,49217,68977,4569,0,0,4569,49,50,54,48,3,1,1,1,6,2,1,2,40,15,12,13,54,18,14,22,1,1,0,0,63,25,18,20,37,11,10,17,36,11,10,15,1,0,0,1,51,50,60,50,12,5,3,4,36,13,8,16,29,11,9,8,35,12,10,13,19,6,5,8,922,341,261,320,917,409,238,270,42,39,3,0,114,42,23,49,494,254,145,95,1476,424,389,663,1428,424,389,615,48,0,0,48,4,2,2,0,3,1,1,1,5,0,0,5,3,1,1,1,5,1,2,2,2,1,1,0,279,0,0,0,0,0,0,0,1,0,0,0,1,0,0,0,2,0,0,0,0,0,0,0,1,1,0,0,16,16,0,0,59,59,0,0,0,0,0,0,16,16,0,0,0,0,0,0,43,23,9,11,5,1,2,2,10,7,3,0,125,33,57,35,506,269,105,132,375,67,143,165
BBComedian,XboxOne|2535434117314620|0,2025-09-10T22:17:25.000Z,10,KAPPA,TRUE,FALSE,32,12,7,13,31,19,8,4,31,11,5,14,31,20,11,1,52,30,11,11,48,22,11,15,8,2,2,4,17,6,4,8,74,37,19,18,26,15,2,8,2781,2904,4296,2163,379787,195092,78790,105905,223556,122774,48912,51870,147318,68456,28013,50849,147318,68456,28013,50849,0,0,0,0,45,44,59,49,1,0,0,1,2,1,0,1,36,17,10,9,61,34,11,16,1,1,0,0,68,36,16,15,32,16,6,11,32,16,6,11,0,0,0,0,37,38,53,34,22,10,4,7,60,32,12,16,15,6,5,4,25,14,5,6,15,10,3,2,714,402,59,253,708,288,111,309,7,0,6,1,35,0,9,26,370,205,102,63,1276,632,225,419,1276,632,225,419,0,0,0,0,1,0,0,1,3,0,1,2,3,2,1,0,2,1,1,0,2,0,0,2,2,0,0,2,326,0,0,0,2,0,0,0,2,0,0,0,0,0,0,0,0,0,0,0,0,0,0,0,0,0,0,0,0,0,0,0,0,0,0,0,0,0,0,0,0,0,0,0,0,0,0,0,36,16,8,12,3,3,0,0,0,0,0,0,137,137,0,0,432,192,96,144,163,163,0,0
BBComedian,XboxOne|2535434117314620|0,2025-09-10T22:25:01.000Z,12,KAPPA,TRUE,FALSE,40,14,9,17,28,14,9,5,39,8,9,22,29,18,10,1,55,25,14,16,45,18,11,16,15,4,5,6,22,6,5,11,70,34,19,16,30,9,6,16,2730,2882,3616,2247,430909,180496,108646,141767,231699,123094,57746,50859,190094,54738,48014,87342,179299,52587,45769,80943,10795,2151,2245,6399,50,49,59,52,3,1,1,1,5,1,1,2,44,17,12,15,51,25,12,14,0,0,0,0,64,33,17,14,36,10,9,17,34,10,8,16,2,0,0,1,55,60,74,42,12,3,3,6,30,12,5,14,27,10,8,9,43,22,13,8,19,10,6,3,1303,346,371,586,1223,554,265,404,37,0,8,29,122,26,36,60,722,379,163,180,1534,440,354,740,1437,422,335,680,97,18,19,60,5,1,2,2,4,0,2,2,3,2,1,0,5,1,2,2,3,2,0,1,3,1,1,1,268,0,0,0,0,0,0,0,3,0,0,0,2,0,0,0,1,0,0,0,0,0,0,0,1,0,1,0,53,0,53,0,70,0,70,0,0,0,0,0,53,0,53,0,0,0,0,0,43,25,10,8,8,1,3,4,35,22,9,4,123,77,34,12,481,278,111,92,677,23,266,388
BBComedian,XboxOne|2535434117314620|0,2025-09-10T22:31:53.000Z,14,KAPPA,TRUE,FALSE,28,13,6,8,42,27,10,4,29,12,7,10,43,31,11,0,62,37,16,8,38,20,9,9,7,5,1,1,8,6,1,1,77,46,19,11,23,12,5,6,3375,3459,4942,2828,394535,226866,90085,77584,212801,132845,48891,31065,173349,89111,39391,44847,173349,89111,39391,44847,0,0,0,0,47,47,59,52,1,0,0,0,4,2,1,0,38,21,8,9,58,35,15,8,1,0,0,0,64,39,17,9,36,19,8,9,36,19,8,9,0,0,0,0,50,57,63,36,12,5,2,5,39,17,13,9,23,14,4,5,38,26,8,4,16,10,4,2,935,495,189,251,932,624,133,175,25,25,0,0,46,21,17,8,434,326,62,46,1492,790,328,374,1492,790,328,374,0,0,0,0,1,1,0,0,0,0,0,0,1,0,1,0,1,1,0,0,3,2,0,1,1,0,0,1,395,0,0,0,1,0,0,0,2,0,0,0,1,0,0,0,2,0,0,0,0,0,0,0,0,0,0,0,0,0,0,0,0,0,0,0,0,0,0,0,0,0,0,0,0,0,0,0,46,31,6,9,5,2,1,2,20,20,0,0,108,45,23,40,532,352,72,108,392,155,77,160
BeardedFrodo1,Epic|06461ccc0bed4d668fcae0b1a92aa600|0,2025-09-10T21:10:26.000Z,1,BOMBERS,FALSE,FALSE,26,10,7,9,31,20,6,5,24,5,6,13,39,34,5,0,49,29,10,10,51,27,12,12,13,6,3,4,20,10,4,6,77,50,17,10,23,7,5,12,3274,3486,3264,2798,457521,247136,105414,104971,317785,195996,72128,49661,133188,48059,31507,53622,131174,48059,31507,51608,2014,0,0,2014,54,51,59,56,3,1,2,0,9,3,4,2,49,28,9,12,43,25,9,8,0,0,0,0,74,46,16,12,26,10,5,10,25,10,5,10,0,0,0,0,57,68,52,33,11,1,4,6,32,11,8,14,22,13,5,4,46,33,9,4,19,13,3,2,1839,929,509,401,1594,816,424,354,130,34,91,5,141,48,73,20,1216,622,350,244,1060,426,216,418,1040,426,216,398,20,0,0,20,2,0,1,1,2,0,1,1,1,0,1,0,4,1,0,3,2,0,1,1,1,0,1,0,238,0,0,0,0,0,0,0,4,0,0,0,1,0,0,0,0,0,0,0,1,0,1,0,0,0,0,0,0,0,0,0,0,0,0,0,73,0,73,0,0,0,0,0,65,0,65,0,77,51,12,14,11,4,4,3,64,46,11,7,107,55,0,52,860,566,133,161,993,345,400,248
BeardedFrodo1,Epic|06461ccc0bed4d668fcae0b1a92aa600|0,2025-09-10T21:18:52.000Z,2,BOMBERS,TRUE,FALSE,26,10,7,9,41,29,7,5,26,7,5,13,43,31,8,4,50,29,9,11,50,28,10,12,8,3,3,2,11,6,3,2,76,47,14,15,24,10,5,9,3206,3547,3354,2514,438898,243394,83511,111993,310257,192324,56223,61710,123186,48646,25915,48625,119388,46055,24708,48625,3798,2591,1207,0,52,51,56,57,5,2,1,2,11,4,3,4,44,27,7,10,45,27,8,9,0,0,0,0,75,47,14,15,25,11,6,9,24,10,5,9,1,0,0,0,53,60,52,41,8,3,2,3,35,15,9,10,22,12,2,8,43,30,8,5,9,7,2,0,2076,1253,452,371,1999,1000,378,621,129,40,39,50,231,74,62,95,1555,872,257,426,1010,436,224,350,984,418,216,350,26,18,8,0,4,2,1,1,1,1,0,0,2,0,1,1,0,0,0,0,3,3,0,0,2,2,0,0,224,0,0,0,0,0,0,0,0,0,0,0,1,0,0,0,1,0,0,0,0,0,0,0,2,1,0,1,67,67,0,0,46,46,0,46,0,0,0,0,34,67,0,0,0,0,0,0,82,51,16,15,13,8,3,2,25,17,2,6,243,169,74,0,959,595,190,174,1057,631,226,200
BeardedFrodo1,Epic|06461ccc0bed4d668fcae0b1a92aa600|0,2025-09-10T21:26:54.000Z,4,BOMBERS,TRUE,FALSE,29,7,8,14,40,27,9,4,27,7,6,15,42,31,8,3,45,24,9,12,55,28,12,14,8,2,2,4,13,4,3,6,81,46,17,18,19,6,5,8,3259,3816,3183,2291,433248,215912,100748,116588,310806,178484,66063,66259,117199,35126,33349,48724,117199,35126,33349,48724,0,0,0,0,50,47,56,51,4,2,1,1,8,4,2,3,39,20,9,10,51,28,10,13,1,1,0,0,77,45,16,16,23,7,6,10,23,7,6,10,0,0,0,0,67,76,70,49,7,1,2,4,19,6,4,9,16,7,3,7,65,40,14,10,19,13,5,2,1991,1057,617,317,1710,787,347,576,50,29,17,4,176,69,50,57,1275,650,270,355,972,308,247,417,972,308,247,417,0,0,0,0,1,0,0,1,1,0,1,0,0,0,0,0,3,0,2,1,1,0,1,0,2,1,0,1,174,0,0,0,1,0,0,0,1,0,0,0,0,0,0,0,0,0,0,0,0,0,0,0,0,0,0,0,0,0,0,0,0,0,0,0,0,0,0,0,0,0,0,0,0,0,0,0,80,50,10,20,15,5,7,3,43,23,8,12,347,66,175,106,917,577,112,228,1153,434,525,194
BeardedFrodo1,Epic|06461ccc0bed4d668fcae0b1a92aa600|0,2025-09-10T21:35:01.000Z,7,BOMBERS,TRUE,FALSE,31,17,7,7,36,28,7,1,26,10,8,8,45,37,8,0,42,30,8,4,58,35,15,8,10,5,3,2,12,6,2,3,76,55,16,6,24,10,7,6,2819,2971,3986,2005,403241,253792,89458,59991,282605,199786,50970,31849,115273,51659,36555,27059,109065,51442,35109,22514,6208,217,1446,4545,47,45,64,60,3,1,1,1,7,2,3,3,37,24,8,5,55,39,12,4,1,1,0,0,76,54,15,7,24,11,8,5,23,11,8,4,1,0,0,1,61,69,77,29,10,3,4,3,27,12,8,7,21,14,4,4,52,40,11,1,15,12,3,1,1822,1128,504,190,1624,1022,389,213,88,18,43,27,131,27,42,62,1226,776,281,169,1016,478,333,205,968,475,322,171,48,3,11,34,1,0,1,0,2,1,0,1,4,2,2,0,4,2,1,1,2,1,0,1,1,1,0,0,213,0,0,0,0,0,0,0,1,0,0,0,0,0,0,0,1,0,0,0,0,0,0,0,1,0,1,0,61,0,61,0,54,0,54,0,0,0,0,0,61,0,61,0,0,0,0,0,52,33,11,8,14,9,4,1,18,16,2,0,196,178,0,18,606,380,130,96,1204,722,400,82
CatalystNEMO,XboxOne|2535447144427180|0,2025-09-10T21:10:26.000Z,1,BOMBERS,FALSE,FALSE,42,19,10,13,31,18,7,6,35,8,10,17,31,25,5,2,45,20,11,13,55,29,12,14,13,7,4,2,19,7,5,7,69,42,14,12,31,7,9,15,2943,3405,3017,2223,430400,211941,104240,114219,266905,145501,61821,59583,156396,63310,40444,52642,142334,57549,36702,48083,14062,5761,3742,4559,50,50,56,50,4,1,1,1,7,3,2,2,43,22,10,12,49,24,11,13,0,0,0,0,66,35,15,16,34,14,8,12,30,12,7,11,4,2,1,1,40,48,39,28,31,11,9,11,51,22,13,17,18,9,4,6,31,19,7,4,13,9,2,1,2154,1112,660,382,2041,1094,445,502,22,8,9,5,158,47,48,63,875,402,207,266,1386,567,341,478,1227,492,303,432,159,75,38,46,2,1,1,0,4,2,2,0,1,1,0,0,4,2,2,0,2,1,1,0,0,0,0,0,326,0,0,0,1,0,0,0,4,0,0,0,0,0,0,0,1,0,0,0,1,0,1,0,0,0,0,0,0,0,0,0,0,0,0,0,77,0,77,0,0,0,0,0,100,0,100,0,49,26,10,13,17,9,5,3,12,4,8,0,205,120,28,57,576,308,112,156,1495,780,472,243
CatalystNEMO,XboxOne|2535447144427180|0,2025-09-10T21:18:52.000Z,2,BOMBERS,TRUE,FALSE,38,18,9,11,29,15,6,8,35,11,9,15,33,25,5,2,50,26,13,11,50,21,9,19,19,10,6,3,24,10,6,8,73,38,18,17,27,9,5,14,2730,2848,2894,2613,389944,172424,96946,120574,271513,130092,59248,82173,112950,40847,35386,36717,104214,36771,32640,34803,8736,4076,2746,1914,47,45,56,48,2,0,1,1,6,1,3,2,37,17,9,12,56,28,11,16,0,0,0,0,73,36,14,22,27,11,8,8,25,10,7,7,2,1,1,0,53,57,49,53,19,6,8,5,37,17,11,9,19,8,2,9,44,22,9,12,18,10,4,4,2093,1049,567,477,1969,1007,419,543,26,0,11,15,97,2,48,47,1197,598,229,370,1114,463,332,319,1010,414,298,298,104,49,34,21,2,2,0,0,5,4,1,0,5,1,3,1,7,3,2,2,7,3,2,2,5,4,1,0,434,0,0,0,1,0,0,0,3,0,0,0,2,0,0,0,1,0,0,0,0,0,0,0,4,2,2,0,0,0,0,0,52,66,39,0,0,0,0,0,0,0,0,0,0,0,0,0,45,22,8,15,18,8,6,4,35,22,9,4,169,53,10,106,505,242,87,176,1631,747,590,294
CatalystNEMO,XboxOne|2535447144427180|0,2025-09-10T21:26:54.000Z,4,BOMBERS,TRUE,FALSE,34,17,8,9,31,15,6,9,39,7,11,20,31,25,4,2,59,30,18,11,41,16,6,18,14,6,6,2,25,9,8,7,73,42,18,14,27,5,6,15,3092,3333,3228,2736,433751,198134,107606,128011,241426,127101,62923,51402,184550,67765,42350,74435,179972,66301,41879,71792,4578,1464,471,2643,49,49,53,50,6,3,1,1,10,5,3,3,37,17,9,12,52,24,13,14,1,0,0,0,64,33,17,15,36,13,8,15,34,13,8,14,2,1,0,1,46,59,39,33,23,5,9,9,39,12,11,16,28,12,9,8,32,23,5,5,14,8,3,3,2103,1185,591,327,2104,1036,392,676,95,84,11,0,258,125,66,67,899,514,211,174,1548,576,334,638,1468,537,330,601,80,39,4,37,2,1,0,1,1,1,0,0,5,0,5,0,4,2,1,1,6,2,2,2,1,1,0,0,528,0,0,0,2,0,0,0,6,0,0,0,2,0,0,0,1,0,0,0,1,1,0,0,0,0,0,0,0,0,0,0,0,0,0,0,83,83,0,0,0,0,0,0,36,36,0,0,50,27,7,16,16,10,4,2,14,8,4,2,191,170,0,21,586,316,80,190,1409,830,400,179
CatalystNEMO,XboxOne|2535447144427180|0,2025-09-10T21:35:01.000Z,7,BOMBERS,TRUE,FALSE,36,25,4,8,32,20,9,3,40,18,10,12,26,21,5,0,53,34,11,9,47,30,9,7,14,7,4,3,12,9,1,3,69,48,13,7,31,15,7,9,2579,2341,3592,2397,415444,256485,88534,70425,275132,170290,54453,50389,134376,82920,32505,18951,130868,82920,30544,17404,3508,0,1961,1547,48,47,52,52,2,1,1,0,3,1,1,1,45,28,9,8,52,34,10,7,0,0,0,0,73,46,15,12,27,18,6,4,27,18,6,3,1,0,0,0,48,49,46,51,18,9,6,3,45,26,11,7,16,14,2,1,39,24,8,8,17,9,4,4,2124,1039,674,411,2005,1450,273,282,52,18,9,25,73,33,27,13,1137,744,185,208,1157,754,256,147,1128,754,240,134,29,0,16,13,1,0,0,1,2,1,0,1,5,1,4,0,5,5,0,0,5,5,0,0,4,2,1,1,472,0,0,0,2,0,0,0,3,0,0,0,1,0,0,0,0,0,0,0,0,0,0,0,1,1,0,0,100,100,0,0,43,43,0,0,0,0,0,0,100,100,0,0,0,0,0,0,42,30,2,10,19,8,8,3,17,17,0,0,247,125,122,0,487,343,24,120,1653,675,678,300
chrisofspades,PS4|2862286396130693918|0,2025-09-10T21:24:39.000Z,3,HR VIOLATION,TRUE,FALSE,34,11,9,13,37,23,8,6,38,9,9,20,30,23,6,1,47,21,12,13,53,25,12,17,10,4,4,2,8,4,3,1,72,39,19,15,28,8,5,15,2825,3265,2760,2206,437226,191408,113362,132456,296848,148334,76934,71580,134315,41205,34346,58764,122261,41205,33101,47955,12054,0,1245,10809,49,46,53,50,1,0,0,1,4,1,1,1,44,18,13,14,52,27,10,14,0,0,0,0,71,37,17,17,29,9,7,13,26,9,7,10,3,0,0,3,56,59,59,48,9,5,3,1,29,14,7,9,28,10,5,12,43,22,12,8,12,8,3,1,1786,1123,340,323,1731,821,365,545,61,24,7,30,41,6,8,27,1183,700,219,264,1288,397,320,571,1136,397,304,435,152,0,16,136,2,1,1,0,2,1,1,0,3,0,3,0,4,3,0,1,3,1,1,1,2,0,1,1,412,0,0,0,2,0,0,0,7,0,0,0,1,0,0,0,0,0,0,0,0,0,0,0,0,0,0,0,0,0,0,0,0,0,0,0,0,0,0,0,0,0,0,0,0,0,0,0,79,46,13,20,9,7,1,1,102,56,15,31,85,40,0,45,846,496,141,209,815,660,100,55
chrisofspades,PS4|2862286396130693918|0,2025-09-10T21:31:13.000Z,5,HR VIOLATION,TRUE,FALSE,33,16,7,10,39,25,9,6,37,11,11,16,31,23,8,0,44,27,12,6,56,26,14,16,13,3,9,1,17,4,7,6,68,44,17,7,32,8,9,15,3202,3388,3789,2756,380380,187032,96479,96869,271953,146894,64504,60555,103447,38350,30499,34598,100835,38350,30499,31986,2612,0,0,2612,45,42,53,53,1,0,0,1,4,1,1,2,36,16,9,11,60,35,16,9,1,0,0,0,75,42,19,14,25,11,7,8,25,11,7,7,1,0,0,1,62,64,74,54,2,1,2,0,18,8,5,5,32,16,7,9,50,29,14,7,10,6,3,1,1366,508,635,223,1276,618,220,438,22,8,2,12,41,5,7,29,915,363,187,365,1049,448,288,313,1012,448,288,276,37,0,0,37,1,0,0,1,1,0,1,0,0,0,0,0,3,2,1,0,3,2,0,1,0,0,0,0,210,0,0,0,0,0,0,0,0,0,0,0,0,0,0,0,1,0,0,0,1,0,1,0,0,0,0,0,0,0,0,0,0,0,0,0,82,0,82,0,0,0,0,0,59,0,59,0,66,39,10,17,9,1,6,2,45,29,5,11,258,0,135,123,747,439,115,193,642,100,465,77
chrisofspades,PS4|2862286396130693918|0,2025-09-10T21:31:31.000Z,6,HR VIOLATION,TRUE,FALSE,33,16,7,10,40,25,9,6,37,11,11,16,31,23,8,0,44,27,12,6,56,26,14,16,17,7,10,0,20,9,6,5,69,44,17,7,31,8,9,15,3200,3388,3782,2750,380295,187432,96144,96719,271440,147055,64305,60080,103990,38646,30375,34969,101287,38646,30375,32266,2703,0,0,2703,45,43,53,53,1,0,0,1,4,1,1,2,36,17,9,11,60,35,16,9,1,0,0,0,74,42,19,14,26,11,7,8,25,11,7,7,1,0,0,1,62,64,73,54,2,1,2,0,18,8,5,5,32,16,7,9,50,29,14,7,10,6,3,1,1360,510,622,228,1265,607,217,441,23,8,2,13,38,5,7,26,899,352,184,363,1058,455,287,316,1020,455,287,278,38,0,0,38,1,1,0,0,1,0,1,0,3,2,1,0,3,2,1,0,2,2,0,0,1,0,1,0,210,0,0,0,0,0,0,0,0,0,0,0,0,0,0,0,1,0,0,0,1,0,1,0,0,0,0,0,0,0,0,0,0,0,0,0,78,0,78,0,0,0,0,0,59,0,59,0,65,39,10,16,9,1,6,2,47,31,5,11,258,0,135,123,733,437,115,181,642,100,465,77
chrisofspades,PS4|2862286396130693918|0,2025-09-11T02:16:19.000Z,16,HR VIOLATION,FALSE,TRUE,32,11,5,16,33,24,4,4,33,9,6,18,32,26,5,1,55,27,8,20,45,27,9,9,14.8,2.96,0.99,10.86,13,1,2,9,72,42,12,18,28,12,5,12,2942,3362,3477,2076,416897.37,210196.38,80671.38,126029.61,261426.32,152302.3,47902.3,61221.71,149016.12,55797.04,31208.88,62010.2,143569.74,54171.71,29172.04,60225.99,5446.38,1625.33,2036.84,1784.21,48,44,63,51,1,1,0,1,4,1,1,1,44,21,10,13,50,29,6,15,2,2,0,0,70,42,11,17,30,12,6,13,29,11,5,12,1,1,0,0,52,55,67,44,5,1,0,4,26,11,3,12,41,25,7,9,34,18,8,9,6,3,1,1,1631.25,720.39,552.63,358.22,1608.55,794.41,257.57,556.58,5.92,0,0.99,4.93,57.24,27.63,6.91,22.7,1045.07,484.54,179.61,380.92,1243.42,482.57,237.83,523.03,1179.28,445.07,223.03,511.18,64.14,37.5,14.8,11.84,2.96,0,0,2.96,2.96,0,0.99,1.97,2.96,1.97,0,0.99,5.92,1.97,0.99,2.96,5.92,1.97,0,3.95,2.96,0,0,2.96,199.34,0,0,0,0,0,0,0,3.95,0,0,0,0,0,0,0,0,0,0,0,0,0,0,0,0,0,0,0,0,0,0,0,0,0,0,0,0,0,0,0,0,0,0,0,0,0,0,0,66.12,42.43,7.89,15.79,9.87,2.96,4.93,1.97,19.74,6.91,0,12.83,121.38,31.58,59.21,30.59,773.68,502.3,94.74,176.64,865.46,264.47,434.21,166.78
D0pey killer,Epic|32005b9372c446a7a1d1b1efbdd5bb2f|0,2025-09-10T21:24:39.000Z,3,ELECTRIC EELLS,FALSE,FALSE,30,16,8,6,31,24,5,2,25,10,5,9,34,28,5,1,44,29,8,7,56,36,12,8,9,3,5,1,16,6,5,4,75,54,14,8,25,11,6,7,2826,2923,3009,2648,430652,260908,92117,77627,324125,208342,68320,47463,102830,50786,22623,29421,95317,48139,22623,24555,7513,2647,0,4866,48,45,59,58,3,1,1,1,6,2,2,2,39,23,9,7,54,40,9,5,1,1,0,0,77,53,15,10,23,13,5,5,21,11,5,4,2,1,0,1,61,67,66,35,7,2,3,2,27,16,5,6,20,8,5,7,53,41,10,2,19,16,3,0,1787,900,736,151,1678,815,427,436,38,13,20,5,120,32,34,54,978,408,306,264,1025,549,230,246,931,502,230,199,94,47,0,47,3,2,0,1,0,0,0,0,0,0,0,0,4,1,3,0,5,2,3,0,2,0,2,0,386,0,0,0,1,0,0,0,2,0,0,0,0,0,0,0,3,0,0,0,0,0,0,0,0,0,0,0,0,0,0,0,0,0,0,0,0,0,0,0,0,0,0,0,0,0,0,0,50,32,9,9,15,6,8,1,26,26,0,0,349,188,156,5,574,358,108,108,1151,412,644,95
D0pey killer,Epic|32005b9372c446a7a1d1b1efbdd5bb2f|0,2025-09-10T21:31:13.000Z,5,ELECTRIC EELLS,FALSE,FALSE,29,11,5,13,35,23,5,6,24,5,5,14,36,28,5,4,69,41,13,15,31,18,4,9,7,4,1,2,9,5,2,3,81,54,14,13,19,5,3,11,3164,3593,3188,2270,400959,212700,78162,110097,317387,178464,62853,76070,80657,33251,14598,32808,73539,28031,12700,32808,7118,5220,1898,0,49,45,61,56,2,0,0,1,6,1,2,3,42,21,8,13,51,36,7,8,0,0,0,0,81,50,14,17,19,9,3,7,17,7,2,7,2,2,0,0,56,60,57,47,10,4,2,4,31,17,5,9,23,12,4,7,46,30,7,9,20,16,2,2,1786,1104,315,367,1532,706,242,584,46,26,0,20,70,7,17,46,1110,469,197,444,758,378,111,269,664,297,98,269,94,81,13,0,0,0,0,0,1,0,0,1,0,0,0,0,1,0,0,1,1,1,0,0,0,0,0,0,76,0,0,0,0,0,0,0,1,0,0,0,0,0,0,0,0,0,0,0,1,0,0,1,3,2,1,0,241,155,86,0,33,44,12,0,76,0,0,76,80,78,86,0,57,0,0,57,52,34,4,14,14,7,4,3,33,23,0,10,359,127,149,83,591,385,48,158,1041,573,251,217
D0pey killer,Epic|32005b9372c446a7a1d1b1efbdd5bb2f|0,2025-09-10T21:31:31.000Z,6,ELECTRIC EELLS,FALSE,FALSE,29,11,5,13,35,23,5,6,24,5,5,14,36,27,5,4,69,41,13,15,31,18,4,9,5,3,1,1,4,1,1,1,81,54,14,13,19,5,3,11,3159,3585,3190,2268,400829,212412,78298,110119,317084,178086,62913,76085,80812,33392,14652,32768,73665,28068,12829,32768,7147,5324,1823,0,49,45,61,56,2,0,0,1,6,1,2,3,42,21,8,13,51,36,7,8,0,0,0,0,81,50,14,17,19,9,3,7,17,8,2,7,2,2,0,0,56,60,57,47,10,5,2,4,31,17,5,9,23,12,4,7,46,30,7,9,20,16,2,2,1751,1067,317,367,1528,703,241,584,47,28,0,19,70,6,17,47,1097,461,196,440,762,380,112,270,668,299,99,270,94,81,13,0,0,0,0,0,0,0,0,0,0,0,0,0,0,0,0,0,0,0,0,0,0,0,0,0,76,0,0,0,0,0,0,0,1,0,0,0,0,0,0,0,0,0,0,0,0,0,0,0,0,0,0,0,0,0,0,0,0,0,0,0,0,0,0,0,0,0,0,0,0,0,0,0,0,0,0,0,0,0,0,0,0,0,0,0,0,0,0,0,0,0,0,0,0,0,0,0
D0pey killer,Epic|32005b9372c446a7a1d1b1efbdd5bb2f|0,2025-09-11T02:16:19.000Z,16,ELECTRIC EELLS,TRUE,TRUE,28,14,5,9,39,26,7,5,30,10,8,11,34,27,6,1,55,30,13,12,45,29,10,7,16.78,4.93,2.96,8.88,20,8,5,6,75,49,15,11,25,9,7,9,3159,3314,3817,2397,455604.28,246736.18,110536.18,98331.91,337608.55,193820.72,80726.64,63061.18,112969.74,51359.21,28197.04,33413.49,107534.21,47695.07,26425.66,33413.49,5435.53,3664.14,1771.38,0,53,49,64,59,2,1,0,1,9,3,3,3,52,27,13,12,36,25,7,5,3,3,0,0,78,49,16,13,22,10,6,6,21,9,6,6,1,1,0,0,47,50,52,40,12,5,3,4,32,16,8,8,39,25,7,7,29,17,7,4,5,4,1,0,1889.8,1134.87,429.28,325.66,1876.97,835.86,487.5,553.62,136.18,38.49,63.16,34.54,77.96,37.5,14.8,25.66,1465.46,606.91,433.22,425.33,902.96,395.72,261.51,245.72,845.72,353.29,246.71,245.72,57.24,42.43,14.8,0,6.91,1.97,1.97,2.96,5.92,0,1.97,3.95,0.99,0,0,0.99,3.95,0.99,0.99,1.97,3.95,1.97,0,1.97,4.93,1.97,0,2.96,297.04,0,0,0,0.99,0,0,0,2.96,0,0,0,0,0,0,0,0,0,0,0,0.99,0,0.99,0,0,0,0,0,0,0,0,0,0,0,0,0,74,0,74,0,0,0,0,0,0,0,0,0,52.3,31.58,9.87,10.86,14.8,7.89,2.96,3.95,15.79,15.79,0,0,126.32,50.33,0,75.99,611.84,363.16,118.42,130.26,1353.95,739.14,296.05,318.75
FuLL-BLooD35,PS4|5072719929430919098|0,2025-09-10T21:24:39.000Z,3,ELECTRIC EELLS,FALSE,FALSE,30,13,8,10,39,23,10,6,46,14,15,17,30,25,5,0,59,30,16,13,41,23,9,9,16,7,5,4,18,9,4,5,65,43,14,8,35,9,12,14,3057,3082,3599,3012,459688,232353,117583,109752,291342,162043,68963,60336,161426,67421,46695,47310,154123,64750,45122,44251,7303,2671,1573,3059,51,50,60,57,3,1,1,1,8,4,3,2,47,23,11,13,45,26,12,7,0,0,0,0,68,39,17,12,32,14,9,9,30,13,9,9,1,1,0,1,48,53,49,42,14,4,6,4,40,19,11,9,22,9,6,7,38,24,8,5,8,5,2,1,2218,798,809,611,2190,1137,573,480,148,77,51,20,130,68,30,32,1769,938,474,357,1406,605,396,405,1345,582,384,379,61,23,12,26,2,0,1,1,2,2,0,0,3,0,3,0,4,4,0,0,6,3,2,1,4,2,0,2,200,0,0,0,0,0,0,0,2,0,0,0,1,0,0,0,1,0,0,0,1,1,0,0,0,0,0,0,0,0,0,0,0,0,0,0,83,83,0,0,0,0,0,0,13,13,0,0,56,34,10,12,19,6,8,5,34,21,7,6,201,156,45,0,638,387,113,138,1699,444,755,500
FuLL-BLooD35,PS4|5072719929430919098|0,2025-09-10T21:31:13.000Z,5,ELECTRIC EELLS,FALSE,FALSE,30,14,6,10,42,28,7,6,41,15,9,17,33,29,4,0,56,33,11,12,44,24,8,13,14,6,2,6,14,6,2,6,71,48,11,11,29,8,7,14,3130,3556,3374,2355,408155,226857,77047,104251,272786,167304,41765,63717,129510,56556,33529,39425,129510,56556,33529,39425,0,0,0,0,49,49,59,51,2,1,0,1,6,3,1,2,44,23,9,11,50,30,8,12,0,0,0,0,71,44,11,16,29,13,7,9,29,13,7,9,0,0,0,0,47,51,49,42,23,10,7,6,40,20,8,12,22,12,4,6,38,25,6,7,10,7,1,2,1745,1249,90,406,1640,864,223,553,130,53,0,77,102,58,9,35,1296,718,154,424,1203,536,287,380,1203,536,287,380,0,0,0,0,1,0,0,1,0,0,0,0,0,0,0,0,1,0,0,1,1,0,0,1,1,0,0,1,66,0,0,0,0,0,0,0,1,0,0,0,0,0,0,0,0,0,0,0,0,0,0,0,1,0,0,1,54,0,0,54,19,0,0,19,0,0,0,0,54,0,0,54,0,0,0,0,53,33,9,11,18,12,2,4,70,33,19,18,321,151,74,96,566,363,89,114,1479,1049,126,304
FuLL-BLooD35,PS4|5072719929430919098|0,2025-09-10T21:31:31.000Z,6,ELECTRIC EELLS,FALSE,FALSE,30,14,6,10,42,28,7,6,41,15,9,17,33,29,4,0,56,33,11,12,44,24,8,13,17,10,3,4,20,11,4,5,71,48,11,11,29,8,7,14,3129,3553,3357,2361,408166,226428,77271,104467,272389,167624,41116,63649,130067,55828,34488,39751,130067,55828,34488,39751,0,0,0,0,49,49,59,51,2,1,0,1,6,3,1,2,44,23,9,11,50,30,8,12,0,0,0,0,71,44,11,16,29,13,7,9,29,13,7,9,0,0,0,0,47,51,48,42,24,10,7,6,40,20,8,12,22,12,4,6,38,25,6,7,10,7,1,2,1743,1231,100,412,1633,856,217,560,115,39,0,76,101,58,7,36,1293,713,151,429,1198,529,290,379,1198,529,290,379,0,0,0,0,0,0,0,0,1,1,0,0,2,0,0,2,2,1,0,1,2,1,0,1,0,0,0,0,66,0,0,0,0,0,0,0,1,0,0,0,0,0,0,0,0,0,0,0,0,0,0,0,1,0,0,1,54,0,0,54,18,0,0,18,0,0,0,0,54,0,0,54,0,0,0,0,53,33,9,11,17,12,1,4,70,33,19,18,323,153,74,96,566,363,89,114,1377,1047,26,304
FuLL-BLooD35,PS4|5072719929430919098|0,2025-09-11T02:16:19.000Z,16,ELECTRIC EELLS,TRUE,TRUE,27,13,6,7,40,27,8,6,32,10,6,16,39,30,9,1,52,28,10,14,48,25,12,10,15.79,10.86,1.97,2.96,12,4,4,5,75,46,16,12,25,7,5,12,3386,3620,4868,2925,432626.64,211454.61,95324.01,125848.03,266886.51,140833.22,60897.04,65156.25,158578.62,67510.86,33047.37,58020.39,153614.8,67003.62,30577.3,56033.88,4963.82,507.24,2470.07,1986.51,51,46,75,59,5,1,1,3,10,3,3,5,43,21,10,12,44,28,9,7,2,2,0,0,68,39,16,14,32,15,6,11,31,15,6,10,1,0,0,1,43,41,68,43,23,12,6,4,49,28,11,10,17,8,2,7,34,17,9,8,8,4,2,1,1933.22,914.8,672.04,346.38,1873.03,776.64,315.79,780.59,261.51,66.12,35.53,159.87,212.17,47.37,38.49,126.32,1521.71,632.57,265.46,623.68,1317.43,625.66,247.7,444.08,1270.07,621.71,227.96,420.39,47.37,3.95,19.74,23.68,3.95,1.97,0.99,0.99,6.91,3.95,1.97,0.99,0.99,0.99,0,0,7.89,4.93,0.99,1.97,4.93,2.96,0,1.97,1.97,0.99,0,0.99,365.13,0,0,0,0,0,0,0,0.99,0,0,0,0,0,0,0,3.95,0,0,0,0.99,0,0.99,0,0,0,0,0,0,0,0,0,0,0,0,0,83,0,83,0,0,0,0,0,0,0,0,0,46.38,28.62,4.93,12.83,13.82,5.92,5.92,1.97,19.74,12.83,6.91,0,92.76,10.86,0,81.91,536.84,330.59,52.3,153.95,1288.82,581.25,592.11,115.46
GeneralLeigh91,PS4|4414374754323708914|0,2025-09-10T22:08:37.000Z,9,WINTER FRESH,TRUE,FALSE,28,11,6,11,42,28,7,8,40,13,9,18,37,29,6,2,52,25,11,16,48,30,8,9,10,7,1,2,21,12,4,6,70,44,13,13,30,11,6,13,3263,3523,3684,2827,472722,243789,99642,129291,344317,197805,67447,79065,123254,44331,30683,48240,123254,44331,30683,48240,0,0,0,0,56,52,73,60,5,1,1,2,10,2,3,4,51,27,10,14,39,26,5,8,0,0,0,0,77,46,13,17,23,9,6,8,23,9,6,8,0,0,0,0,61,65,71,55,2,0,1,1,22,8,4,9,29,18,6,5,50,29,9,11,15,10,2,4,1947,912,519,516,1864,938,366,560,123,56,41,26,184,38,60,86,1652,855,333,464,936,370,229,337,936,370,229,337,0,0,0,0,3,2,0,1,4,2,0,2,0,0,0,0,4,3,0,1,5,3,1,1,0,0,0,0,388,0,0,0,2,0,0,0,5,0,0,0,0,0,0,0,0,0,0,0,2,0,0,2,0,0,0,0,0,0,0,0,0,0,0,0,58,0,0,58,0,0,0,0,44,0,0,44,72,41,7,24,12,6,3,3,42,38,0,4,283,146,79,58,822,454,84,284,917,454,221,242
GeneralLeigh91,PS4|4414374754323708914|0,2025-09-10T22:17:58.000Z,11,WINTER FRESH,TRUE,FALSE,30,12,6,11,42,29,9,4,27,10,7,10,47,37,6,4,45,28,9,8,55,31,11,13,18,5,6,7,20,5,5,10,79,50,13,16,21,9,7,5,2818,3391,2627,1524,449049,251541,98567,98941,353831,213593,70065,70173,91383,36290,27708,27385,89548,36290,26159,27099,1835,0,1549,286,49,46,57,51,1,1,0,0,3,2,1,1,44,23,10,11,52,34,9,10,0,0,0,0,81,51,14,16,19,8,5,5,18,8,5,5,1,0,0,0,60,61,56,61,4,2,2,0,21,14,5,2,36,19,7,9,43,26,8,9,14,11,2,2,1626,1013,352,261,1503,868,314,321,74,71,0,3,55,33,18,4,1360,787,260,313,836,342,250,244,811,342,229,240,25,0,21,4,1,1,0,0,2,1,0,1,3,0,2,1,7,2,3,2,6,3,2,1,6,2,1,3,450,0,0,0,2,0,0,0,4,0,0,0,1,0,0,0,0,0,0,0,0,0,0,0,0,0,0,0,0,0,0,0,0,0,0,0,0,0,0,0,0,0,0,0,0,0,0,0,56,32,15,9,11,6,3,2,45,42,0,3,322,144,93,85,627,342,180,105,778,456,207,115
GeneralLeigh91,PS4|4414374754323708914|0,2025-09-10T22:26:31.000Z,13,WINTER FRESH,TRUE,FALSE,35,19,9,7,37,27,7,2,27,11,11,6,44,34,8,3,44,29,10,5,56,34,13,8,11,6,4,1,15,11,3,1,68,49,13,6,32,15,10,7,2912,3321,2896,1550,436086,272145,102384,61557,326711,216463,66393,43855,104789,52569,35062,17158,104789,52569,35062,17158,0,0,0,0,51,50,59,55,2,1,1,0,6,3,3,1,44,29,8,7,49,31,12,6,0,0,0,0,78,53,15,10,22,11,8,3,22,11,8,3,0,0,0,0,65,72,62,53,5,1,3,0,19,8,7,4,20,13,3,4,61,42,13,5,17,14,3,0,1828,1085,590,153,1584,938,360,286,71,24,36,11,93,27,49,17,1450,887,314,249,917,458,331,128,917,458,331,128,0,0,0,0,3,2,1,0,4,3,0,1,3,0,3,0,3,3,0,0,2,1,1,0,2,1,0,1,268,0,0,0,0,0,0,0,1,0,0,0,1,0,0,0,2,0,0,0,1,1,0,0,1,1,0,0,50,50,0,0,74,74,0,0,50,50,0,0,50,50,0,0,62,62,0,0,78,56,14,8,12,7,5,0,36,36,0,0,284,212,72,0,900,636,168,96,916,488,428,0
GeneralLeigh91,PS4|4414374754323708914|0,2025-09-10T22:34:54.000Z,15,WINTER FRESH,TRUE,FALSE,38,15,9,15,36,22,9,5,31,5,7,18,43,30,9,4,52,26,11,15,48,23,10,15,14,7,3,4,21,6,6,9,83,45,18,20,17,3,4,10,3211,3870,3126,2329,458877,208714,105511,144652,337372,178227,71765,87380,116258,28848,32381,55029,116258,28848,32381,55029,0,0,0,0,53,50,59,57,3,1,1,1,7,2,2,3,48,22,11,15,44,24,9,12,0,0,0,0,77,42,16,20,23,6,6,10,23,6,6,10,0,0,0,0,55,61,58,47,9,3,3,4,32,12,7,13,22,12,5,6,46,24,10,11,16,11,3,2,1843,817,579,447,1712,856,294,562,137,66,49,22,134,38,49,47,1558,812,260,486,958,267,263,428,958,267,263,428,0,0,0,0,4,1,1,2,2,1,1,0,2,0,2,0,4,4,0,0,7,5,1,1,4,2,0,2,368,0,0,0,1,0,0,0,4,0,0,0,1,0,0,0,1,0,0,0,2,0,1,1,1,0,0,1,100,0,0,100,35,0,0,35,73,0,67,78,100,0,0,100,47,0,38,56,66,39,10,17,18,7,6,5,42,37,0,5,603,260,127,216,750,431,120,199,1197,440,473,284
im_link42,Epic|7dfdc43396c248dca075c7842be1013b|0,2025-09-10T22:06:35.000Z,8,KAPPA,TRUE,FALSE,39,12,7,19,32,14,8,10,44,7,8,29,25,17,7,1,62,22,12,28,38,16,8,14,10,1,3,6,15,1,2,12,66,32,13,21,34,6,7,20,2983,3416,3619,2486,425254,162112,95576,167566,337422,140410,77181,119831,83956,20283,17490,46183,83956,20283,17490,46183,0,0,0,0,50,50,63,48,5,2,1,2,11,3,4,4,43,17,10,16,45,17,6,21,1,1,0,0,82,34,17,31,18,4,3,11,18,4,3,11,0,0,0,0,61,73,68,52,4,0,0,3,24,6,5,13,23,4,6,12,54,28,9,16,10,6,2,2,2195,854,540,801,2205,757,472,976,228,76,70,82,193,71,40,82,1895,663,435,797,738,175,130,433,738,175,130,433,0,0,0,0,4,0,1,3,3,0,1,2,0,0,0,0,4,0,1,3,5,0,2,3,1,0,0,1,282,0,0,0,1,0,0,0,4,0,0,0,0,0,0,0,1,0,0,0,0,0,0,0,0,0,0,0,0,0,0,0,0,0,0,0,0,0,0,0,0,0,0,0,0,0,0,0,62,25,10,27,17,6,5,6,34,18,0,16,462,215,165,82,710,282,120,308,1238,385,335,518
im_link42,Epic|7dfdc43396c248dca075c7842be1013b|0,2025-09-10T22:17:25.000Z,10,KAPPA,TRUE,FALSE,39,20,6,12,28,16,8,4,43,19,11,14,26,17,6,2,60,31,15,14,40,21,7,12,16,7,2,7,18,10,4,5,62,33,14,15,38,18,9,11,2649,2540,3685,2239,441511,226447,105787,109277,341447,182034,80717,78696,92900,41590,22106,29204,91946,40636,22106,29204,954,954,0,0,52,52,60,51,4,2,1,1,10,5,4,2,45,24,10,12,44,23,9,13,0,0,0,0,80,43,18,20,20,9,5,6,19,8,5,6,0,0,0,0,42,44,51,36,14,8,4,3,48,24,10,14,21,10,5,6,31,17,8,5,4,2,1,1,2233,958,902,373,2270,1275,396,599,179,107,54,18,171,82,53,36,2022,1147,376,499,772,340,190,242,765,333,190,242,7,7,0,0,4,3,0,1,2,1,0,1,4,0,0,4,5,4,0,1,8,6,0,2,0,0,0,0,338,0,0,0,1,0,0,0,2,0,0,0,0,0,0,0,0,0,0,0,0,0,0,0,0,0,0,0,0,0,0,0,0,0,0,0,0,0,0,0,0,0,0,0,0,0,0,0,63,35,12,16,17,5,9,3,15,11,4,0,170,56,59,55,741,409,140,192,1530,444,841,245
im_link42,Epic|7dfdc43396c248dca075c7842be1013b|0,2025-09-10T22:25:01.000Z,12,KAPPA,TRUE,FALSE,29,11,5,13,36,18,8,9,38,10,8,20,26,19,4,2,47,19,12,16,53,22,12,19,12,6,3,3,24,12,6,6,67,33,17,17,33,8,7,18,3396,3535,3893,3018,459439,187423,109941,162075,335219,149200,82992,103027,119719,37254,25070,57395,119719,37254,25070,57395,0,0,0,0,53,53,56,53,3,1,1,1,11,5,3,3,46,18,11,17,44,18,10,15,0,0,0,0,77,33,19,25,23,8,5,10,23,8,5,10,0,0,0,0,48,56,53,36,10,2,3,5,40,12,10,18,21,9,3,9,39,21,11,8,5,3,2,0,2668,1276,871,521,2474,1094,465,915,224,110,64,50,129,57,27,45,2005,906,399,700,987,342,213,432,987,342,213,432,0,0,0,0,8,5,2,1,4,4,0,0,3,0,2,1,1,1,0,0,2,2,0,0,0,0,0,0,239,0,0,0,0,0,0,0,2,0,0,0,0,0,0,0,2,0,0,0,0,0,0,0,1,0,1,0,34,0,34,0,59,0,59,0,0,0,0,0,34,0,34,0,0,0,0,0,72,36,12,24,20,10,8,2,11,5,0,6,199,77,110,12,853,427,144,282,1801,923,690,188
im_link42,Epic|7dfdc43396c248dca075c7842be1013b|0,2025-09-10T22:31:53.000Z,14,KAPPA,TRUE,FALSE,44,19,7,19,21,9,7,5,46,13,9,23,18,14,4,1,69,32,11,26,31,14,10,8,14,7,3,4,23,11,5,7,62,32,13,16,38,13,8,17,2427,2146,3503,2208,435564,195696,103722,136146,341641,159307,81585,100749,90160,35205,20976,33979,89394,35205,20976,33213,766,0,0,766,52,51,60,49,4,2,1,1,11,4,4,3,41,20,9,12,47,22,8,18,0,0,0,0,80,37,17,26,20,8,4,8,20,8,4,7,0,0,0,0,54,55,60,51,13,4,4,5,32,15,6,10,24,10,3,10,44,20,11,13,10,5,3,2,2167,733,927,507,2139,1113,401,625,178,72,63,43,160,61,61,38,1809,928,333,548,843,343,174,326,821,343,174,304,22,0,0,22,0,0,0,0,0,0,0,0,0,0,0,0,0,0,0,0,3,0,1,2,2,0,0,2,338,0,0,0,1,0,0,0,2,0,0,0,0,0,0,0,2,0,0,0,0,0,0,0,0,0,0,0,0,0,0,0,0,0,0,0,0,0,0,0,0,0,0,0,0,0,0,0,56,31,8,17,17,6,7,4,6,6,0,0,309,124,101,84,666,366,96,204,1391,476,599,316
ImPodz,Epic|dcd4e93321ac492cb6dfd5c7b3c7c5a0|0,2025-09-10T21:24:39.000Z,3,ELECTRIC EELLS,FALSE,FALSE,40,23,10,7,30,21,6,2,29,11,9,10,36,30,5,0,47,27,13,7,53,35,12,6,16,7,7,2,16,8,4,4,82,54,21,7,18,8,4,6,2670,2769,2803,2107,423460,245926,109364,68170,220756,137805,55447,27504,193680,102995,51302,39383,166844,92122,42789,31933,26836,10873,8513,7450,47,44,51,58,2,1,0,1,7,4,2,1,36,18,10,7,57,40,13,4,1,1,0,0,59,38,14,6,41,24,10,7,35,21,8,6,6,3,2,1,57,60,55,49,8,4,3,1,31,18,9,5,26,16,6,4,42,28,10,4,16,12,4,0,2378,1346,717,315,2207,1122,599,486,24,10,4,10,74,26,10,38,1138,519,359,260,1806,1043,446,317,1529,921,356,252,277,122,90,65,1,1,0,0,4,2,2,0,5,1,2,2,7,4,3,0,5,3,1,1,3,1,1,1,547,0,0,0,2,0,0,0,2,0,0,0,1,0,0,0,3,0,0,0,0,0,0,0,0,0,0,0,0,0,0,0,0,0,0,0,0,0,0,0,0,0,0,0,0,0,0,0,52,37,9,6,20,10,6,4,26,26,0,0,374,231,72,71,598,418,108,72,1626,769,528,329
ImPodz,Epic|dcd4e93321ac492cb6dfd5c7b3c7c5a0|0,2025-09-10T21:31:13.000Z,5,ELECTRIC EELLS,FALSE,FALSE,42,17,11,14,25,16,6,3,36,12,9,15,33,21,10,1,53,24,15,14,47,24,13,10,21,12,1,8,37,13,8,15,79,43,23,13,21,5,5,11,2443,2666,2862,1648,453017,201650,130048,121319,269661,127897,86335,55429,174850,71114,40834,62902,171170,67434,40834,62902,3680,3680,0,0,54,50,58,60,3,1,1,1,9,3,3,2,48,20,13,15,43,25,11,7,0,0,0,0,66,33,21,12,34,15,7,12,33,14,7,12,1,1,0,0,60,68,63,42,11,3,4,4,27,8,8,12,21,11,5,6,52,30,15,7,17,11,6,1,2170,717,906,547,2136,948,557,631,52,15,21,16,144,51,41,52,1364,510,440,414,1390,621,287,482,1349,580,287,482,41,41,0,0,1,0,0,1,1,0,0,1,0,0,0,0,4,2,0,2,3,2,0,1,4,3,0,1,226,0,0,0,0,0,0,0,5,0,0,0,0,0,0,0,0,0,0,0,0,0,0,0,0,0,0,0,0,0,0,0,0,0,0,0,0,0,0,0,0,0,0,0,0,0,0,0,52,39,5,8,20,4,11,5,55,44,0,11,557,152,386,19,569,424,60,85,1443,248,714,481
ImPodz,Epic|dcd4e93321ac492cb6dfd5c7b3c7c5a0|0,2025-09-10T21:31:31.000Z,6,ELECTRIC EELLS,FALSE,FALSE,42,17,11,14,25,16,6,3,36,12,9,15,33,21,10,1,53,24,15,14,47,24,13,10,17,10,3,4,24,6,8,10,79,43,23,13,21,5,5,11,2440,2660,2864,1648,452913,201551,130016,121346,269355,127559,86336,55460,175034,71204,40764,63066,171474,67644,40764,63066,3560,3560,0,0,54,50,58,60,3,1,1,1,9,3,3,2,48,20,13,14,43,25,11,7,0,0,0,0,66,33,21,12,34,15,7,12,33,14,7,12,1,1,0,0,60,69,63,42,11,3,4,4,27,8,8,12,21,11,5,6,52,30,15,7,17,11,5,1,2165,726,897,542,2130,944,557,629,56,16,24,16,145,53,39,53,1368,511,441,416,1398,628,285,485,1357,587,285,485,41,41,0,0,1,1,0,0,0,0,0,0,1,0,1,0,1,0,0,1,2,1,0,1,4,3,0,1,226,0,0,0,0,0,0,0,5,0,0,0,0,0,0,0,0,0,0,0,0,0,0,0,0,0,0,0,0,0,0,0,0,0,0,0,0,0,0,0,0,0,0,0,0,0,0,0,53,40,5,8,18,3,10,5,53,42,0,11,370,59,292,19,583,438,60,85,1430,241,708,481
ImPodz,Epic|dcd4e93321ac492cb6dfd5c7b3c7c5a0|0,2025-09-11T02:16:19.000Z,16,ELECTRIC EELLS,TRUE,TRUE,46,20,9,17,21,15,4,2,38,15,8,15,26,21,5,1,48,27,12,8,52,30,7,15,25.66,7.89,4.93,12.83,19,7,4,9,72,43,14,15,28,14,6,8,2299,2507,2714,1631,392248.03,201566.45,84593.09,106088.49,200516.45,113073.36,43384.54,44058.55,181633.22,84695.72,37171.38,59766.12,174154.93,83799.67,37171.38,53183.88,7478.29,896.05,0,6582.24,45,40,53,54,4,1,1,2,8,3,2,3,33,15,7,11,55,36,11,9,4,4,0,0,61,37,12,11,39,20,7,12,37,19,7,11,2,0,0,2,53,59,55,41,13,4,4,5,32,15,7,11,26,16,4,5,42,26,9,7,8,4,2,1,2013.16,938.49,618.75,455.92,1914.47,917.76,384.87,611.84,23.68,10.86,0,12.83,164.8,51.32,34.54,78.95,976.97,404.61,245.72,326.64,1625.33,815.13,307.89,502.3,1538.49,795.39,307.89,435.2,86.84,19.74,0,67.11,6.91,3.95,0,2.96,4.93,1.97,0,2.96,6.91,1.97,0.99,3.95,4.93,0.99,0,3.95,10.86,4.93,1.97,3.95,5.92,0.99,2.96,1.97,232.89,0,0,0,0,0,0,0,2.96,0,0,0,0.99,0,0,0,0,0,0,0,0,0,0,0,0,0,0,0,0,0,0,0,0,0,0,0,0,0,0,0,0,0,0,0,0,0,0,0,49.34,30.59,5.92,12.83,16.78,5.92,6.91,3.95,11.84,11.84,0,0,268.42,83.88,109.54,75,580.26,355.26,71.05,153.95,1409.21,508.22,581.25,319.74
iSilently,Epic|f5ab1448d78c4086a52189131060d9fe|0,2025-09-10T22:06:35.000Z,8,CHIMERA,FALSE,FALSE,39,25,6,8,42,31,6,4,40,21,7,12,42,36,5,0,44,33,6,5,56,36,9,11,12,6,3,3,22,11,3,7,76,58,11,7,24,11,4,9,2996,3179,4387,2243,389191,256006,60018,73167,261772,194554,32724,34494,121263,58069,25819,37375,114137,52326,24436,37375,7126,5743,1383,0,46,44,72,54,4,1,1,1,7,3,2,2,36,23,5,7,56,42,7,7,1,1,0,0,76,57,10,9,24,12,4,7,22,11,4,7,1,1,0,0,50,51,75,48,11,6,2,3,36,25,4,6,32,21,7,4,32,23,3,6,11,7,1,3,1937,1171,466,300,1849,1213,206,430,99,25,44,30,158,57,60,41,1199,815,126,258,938,487,181,270,881,441,170,270,57,46,11,0,2,1,0,1,3,1,1,1,2,1,1,0,4,2,2,0,3,2,0,1,3,2,1,0,266,0,0,0,0,0,0,0,2,0,0,0,0,0,0,0,2,0,0,0,0,0,0,0,0,0,0,0,0,0,0,0,0,0,0,0,0,0,0,0,0,0,0,0,0,0,0,0,58,42,8,8,13,7,4,2,7,3,0,4,164,144,20,0,689,501,96,92,1136,556,380,200
iSilently,Epic|f5ab1448d78c4086a52189131060d9fe|0,2025-09-10T22:17:25.000Z,10,CHIMERA,FALSE,FALSE,34,11,7,16,35,19,8,7,37,8,9,20,31,21,9,2,41,18,10,12,59,26,13,21,13,2,3,8,14,1,4,8,69,34,16,20,31,11,8,12,2997,3304,4137,2427,434290,188441,94579,151270,276193,141141,59508,75544,148211,43554,32924,71733,139597,43107,29142,67348,8614,447,3782,4385,52,51,62,55,5,1,1,3,10,4,3,4,44,19,9,16,46,21,13,12,0,0,0,0,70,35,17,18,30,9,7,14,28,9,6,13,1,0,1,1,46,48,66,42,13,4,4,6,45,21,10,14,19,7,4,8,36,16,10,10,6,3,2,1,2358,1010,636,712,2324,1008,364,952,67,40,8,19,225,58,49,118,1507,716,211,580,1163,342,275,546,1103,339,252,512,60,3,23,34,2,0,1,1,2,0,0,2,4,0,2,2,6,0,2,4,3,0,1,2,1,0,0,1,166,0,0,0,0,0,0,0,1,0,0,0,0,0,0,0,0,0,0,0,1,1,0,0,0,0,0,0,0,0,0,0,0,0,0,0,63,63,0,0,0,0,0,0,4,4,0,0,47,24,9,14,21,7,8,6,19,0,19,0,405,164,137,104,545,288,89,168,1695,536,663,496
iSilently,Epic|f5ab1448d78c4086a52189131060d9fe|0,2025-09-10T22:25:01.000Z,12,CHIMERA,FALSE,FALSE,28,14,7,7,43,28,10,5,32,14,6,12,41,29,10,1,48,30,11,7,52,30,11,11,8,4,1,3,14,11,1,1,70,45,16,9,30,15,6,9,3182,3216,3653,2893,437108,257236,100232,79640,297812,195145,67420,35247,133404,58960,31496,42948,131956,57512,31496,42948,1448,1448,0,0,50,49,56,51,6,2,2,2,11,5,3,3,38,23,8,7,51,31,12,9,0,0,0,0,74,48,17,9,26,12,5,9,25,11,5,9,1,1,0,0,46,45,59,37,12,7,2,3,39,23,7,10,30,19,5,5,31,17,10,3,4,2,1,0,2391,1432,703,256,2348,1239,476,633,93,38,38,17,254,97,80,77,1674,927,353,394,1097,496,229,372,1072,471,229,372,25,25,0,0,0,0,0,0,0,0,0,0,2,1,1,0,1,1,0,0,2,2,0,0,3,0,0,3,252,0,0,0,1,0,0,0,2,0,0,0,0,0,0,0,1,0,0,0,0,0,0,0,0,0,0,0,0,0,0,0,0,0,0,0,0,0,0,0,0,0,0,0,0,0,0,0,63,46,8,9,18,10,6,2,13,7,0,6,164,20,101,43,743,545,96,102,1636,980,499,157
iSilently,Epic|f5ab1448d78c4086a52189131060d9fe|0,2025-09-10T22:31:53.000Z,14,CHIMERA,FALSE,FALSE,37,15,7,15,24,16,6,3,27,5,5,17,33,25,8,0,29,17,7,4,71,31,14,26,10,6,2,2,21,9,5,6,77,44,16,17,23,5,4,13,2659,3089,3524,1850,396026,188458,84112,123456,245679,144368,46707,54604,144191,41590,36179,66422,139940,39487,36179,64274,4251,2103,0,2148,47,46,59,48,3,1,1,1,8,3,3,2,34,16,7,12,57,30,11,16,1,0,0,0,69,40,14,15,31,9,7,15,30,8,7,15,2,1,0,1,53,57,67,46,15,7,3,5,36,15,9,12,19,9,3,8,45,24,10,11,9,6,3,1,2107,1169,368,570,2006,914,329,763,55,26,13,16,147,48,52,47,1232,668,182,382,1300,376,286,638,1229,345,286,598,71,31,0,40,2,2,0,0,3,2,0,1,1,0,1,0,3,1,1,1,0,0,0,0,0,0,0,0,258,0,0,0,0,0,0,0,3,0,0,0,0,0,0,0,2,0,0,0,0,0,0,0,0,0,0,0,0,0,0,0,0,0,0,0,0,0,0,0,0,0,0,0,0,0,0,0,44,22,11,11,19,11,4,4,16,16,0,0,413,182,139,92,512,248,132,132,1487,918,261,308
IzumI._._.,Epic|11f6d6be498942a699e43f7eea9795df|0,2025-09-10T21:24:39.000Z,3,HR VIOLATION,TRUE,FALSE,30,11,9,10,37,26,8,3,30,8,10,11,39,33,6,1,32,15,10,6,68,40,14,14,16,5,6,5,28,10,7,11,76,49,17,10,24,6,7,11,3175,3885,2899,1917,410763,216159,102763,91841,287527,173027,69335,45165,117871,40993,32080,44798,117871,40993,32080,44798,0,0,0,0,46,44,53,50,3,1,1,1,4,2,2,1,37,19,9,10,58,34,13,10,1,0,0,0,78,48,18,12,22,7,6,9,22,7,6,9,0,0,0,0,65,75,59,52,6,1,2,2,19,8,6,5,28,10,9,9,53,37,9,6,26,21,3,2,1733,1065,326,342,1386,747,342,297,35,24,11,0,120,34,56,30,958,561,275,122,981,308,272,401,981,308,272,401,0,0,0,0,3,0,0,3,2,2,0,0,2,0,2,0,8,4,2,2,7,3,0,4,3,1,1,1,379,0,0,0,1,0,0,0,4,0,0,0,1,0,0,0,1,0,0,0,0,0,0,0,1,0,0,1,77,0,0,77,60,0,0,60,0,0,0,0,77,0,0,77,0,0,0,0,51,30,10,11,17,9,5,3,53,50,3,0,416,182,165,69,559,310,117,132,1284,718,335,231
IzumI._._.,Epic|11f6d6be498942a699e43f7eea9795df|0,2025-09-10T21:31:13.000Z,5,HR VIOLATION,TRUE,FALSE,28,16,5,8,37,23,10,4,31,9,9,13,37,30,7,0,53,31,11,11,47,28,12,7,10,5,2,3,12,4,3,5,75,51,17,8,25,8,6,11,3339,3465,4394,2846,382252,214434,82480,85338,257683,167190,58750,31743,119731,45446,22291,51994,119731,45446,22291,51994,0,0,0,0,46,44,56,55,3,1,0,1,5,2,1,2,33,19,7,7,61,38,15,9,1,1,0,0,76,49,18,9,24,10,4,10,24,10,4,10,0,0,0,0,65,74,72,46,5,1,2,2,19,6,6,7,26,13,7,5,55,40,10,6,18,15,2,2,1282,735,216,331,1243,717,157,369,25,4,0,21,112,51,21,40,690,441,82,167,990,396,183,411,990,396,183,411,0,0,0,0,2,0,1,1,1,1,0,0,0,0,0,0,2,2,0,0,3,1,1,1,1,0,0,1,236,0,0,0,1,0,0,0,1,0,0,0,1,0,0,0,0,0,0,0,0,0,0,0,0,0,0,0,0,0,0,0,0,0,0,0,0,0,0,0,0,0,0,0,0,0,0,0,56,37,8,11,11,6,1,4,36,17,13,6,317,220,0,97,636,427,83,126,783,380,100,303
IzumI._._.,Epic|11f6d6be498942a699e43f7eea9795df|0,2025-09-10T21:31:31.000Z,6,HR VIOLATION,TRUE,FALSE,28,16,5,8,37,23,10,4,31,9,9,13,37,30,7,0,53,31,11,11,47,28,12,7,8,3,2,3,20,10,4,6,75,51,17,8,25,8,6,11,3341,3469,4407,2842,382109,213808,82934,85367,257373,166429,59121,31823,119950,45659,22325,51966,119950,45659,22325,51966,0,0,0,0,46,43,56,56,3,1,0,1,5,2,1,2,33,19,7,8,61,38,15,9,1,1,0,0,76,49,18,9,24,10,5,10,24,10,5,10,0,0,0,0,64,74,72,45,6,1,2,3,19,6,6,8,26,14,7,5,55,39,10,6,17,14,2,1,1291,729,227,335,1248,713,180,355,20,0,0,20,108,46,21,41,761,474,109,178,994,395,186,413,994,395,186,413,0,0,0,0,2,0,1,1,1,1,0,0,0,0,0,0,1,0,0,1,1,0,0,1,1,1,0,0,236,0,0,0,1,0,0,0,1,0,0,0,1,0,0,0,0,0,0,0,0,0,0,0,0,0,0,0,0,0,0,0,0,0,0,0,0,0,0,0,0,0,0,0,0,0,0,0,53,36,8,9,11,6,1,4,36,17,13,6,311,220,0,91,600,415,83,102,789,380,100,309
IzumI._._.,Epic|11f6d6be498942a699e43f7eea9795df|0,2025-09-11T02:16:19.000Z,16,HR VIOLATION,FALSE,TRUE,39,20,7,12,33,18,9,6,28,11,4,13,37,26,10,1,46,23,12,11,54,29,13,12,19.74,12.83,1.97,4.93,22,8,5,9,75,43,20,12,25,9,4,12,3057,3162,3709,2464,391163.49,192685.86,96927.63,101550,243036.51,137760.2,59888.49,45387.83,141955.26,52528.62,35536.18,53890.46,139689.47,50262.83,35536.18,53890.46,2265.79,2265.79,0,0,46,44,52,51,2,1,1,1,6,2,1,2,36,17,9,10,55,30,14,11,2,2,0,0,72,42,17,13,28,11,7,10,28,10,7,10,1,1,0,0,55,58,66,45,4,0,1,3,31,14,7,10,30,18,6,7,39,21,11,7,12,6,5,1,1382.57,635.53,604.93,142.11,1337.17,650.33,292.11,394.74,56.25,21.71,25.66,8.88,80.92,26.64,25.66,28.62,791.45,396.71,176.64,218.09,1157.57,431.25,305.92,420.39,1134.87,408.55,305.92,420.39,22.7,22.7,0,0,3.95,1.97,0,1.97,3.95,0.99,0.99,1.97,3.95,2.96,0.99,0,9.87,6.91,0.99,1.97,8.88,5.92,0.99,1.97,2.96,0.99,1.97,0,444.08,0,0,0,0,0,0,0,0.99,0,0,0,0,0,0,0,3.95,0,0,0,0,0,0,0,0.99,0,0.99,0,98.68,0,98.68,0,56,0,56,0,0,0,0,0,100,0,100,0,0,0,0,0,41.45,26.64,4.93,9.87,11.84,3.95,6.91,0.99,16.78,5.92,0,10.86,231.91,85.86,76.97,69.08,480.59,313.82,59.21,107.57,952.3,308.88,613.82,29.61
RL Camaro,XboxOne|2535408106840424|0,2025-09-10T22:06:35.000Z,8,CHIMERA,FALSE,FALSE,43,23,8,11,48,36,7,5,45,22,9,14,47,37,7,2,47,31,8,8,53,33,10,10,23,17,4,2,35,21,7,8,75,53,12,10,25,11,5,8,2986,3115,3373,2536,400455,238235,79519,82701,295311,196307,50461,48543,99971,40405,26853,32713,89737,34890,25610,29237,10234,5515,1243,3476,48,45,61,53,4,1,1,1,9,4,3,2,31,18,6,7,59,43,8,9,0,0,0,0,79,54,12,12,21,10,5,6,18,8,5,5,3,2,0,1,67,76,68,40,5,0,2,4,18,6,4,9,21,11,4,5,61,48,9,5,25,20,4,2,1591,816,485,290,1609,859,235,515,101,23,34,44,140,39,47,54,1102,616,178,308,860,410,196,254,717,320,182,215,143,90,14,39,2,1,1,0,2,2,0,0,5,5,0,0,10,7,2,1,6,5,1,0,6,5,1,0,347,0,0,0,0,0,0,0,3,0,0,0,0,0,0,0,3,0,0,0,1,0,0,1,1,0,1,0,0,0,0,0,59,0,59,0,73,0,0,73,0,0,0,0,70,0,0,70,46,33,5,8,11,6,4,1,19,19,0,0,302,197,105,0,533,377,60,96,798,403,295,100
RL Camaro,XboxOne|2535408106840424|0,2025-09-10T22:17:25.000Z,10,CHIMERA,FALSE,FALSE,32,14,9,9,39,22,11,6,29,9,10,10,39,27,11,1,41,24,9,8,59,25,19,14,15,8,3,4,23,10,5,8,72,39,20,13,28,10,8,10,3137,3234,3699,2526,422253,203371,118826,100056,303811,151707,93096,59008,112658,48770,23982,39906,104588,43455,23382,37751,8070,5315,600,2155,50,49,53,54,4,1,1,2,7,2,2,3,42,22,9,11,51,24,18,9,1,0,0,0,77,39,23,14,23,9,5,8,21,8,5,8,2,1,0,1,59,67,63,44,15,4,6,5,32,12,9,10,14,4,4,5,54,32,15,7,25,12,10,3,1798,954,568,276,1653,746,303,604,73,16,37,20,157,30,51,76,1029,485,205,339,922,368,214,340,841,319,205,317,81,49,9,23,1,1,0,0,1,0,0,1,1,0,1,0,5,2,2,1,4,2,1,1,3,1,0,2,220,0,0,0,1,0,0,0,1,0,0,0,0,0,0,0,0,0,0,0,0,0,0,0,0,0,0,0,0,0,0,0,0,0,0,0,0,0,0,0,0,0,0,0,0,0,0,0,44,23,10,11,13,5,6,2,75,55,17,3,216,45,166,5,453,221,103,129,1084,455,434,195
RL Camaro,XboxOne|2535408106840424|0,2025-09-10T22:25:01.000Z,12,CHIMERA,FALSE,FALSE,31,16,7,8,29,17,8,5,29,8,9,13,33,27,6,1,51,28,12,10,49,26,13,10,9,3,5,1,10,3,2,5,68,40,17,10,32,14,9,10,2884,2807,3120,2923,440493,223520,119007,97966,331864,172698,89234,69932,104355,49146,28202,27007,88778,41581,27146,20051,15577,7565,1056,6956,51,48,56,54,3,1,1,1,6,2,2,2,43,23,11,9,50,29,11,10,0,0,0,0,78,43,20,15,22,11,6,5,19,10,6,3,3,1,0,2,63,63,66,60,5,2,3,0,21,12,5,4,25,10,7,7,54,31,13,9,12,7,3,2,1886,1003,508,375,1778,965,345,468,39,3,27,9,119,27,56,36,1153,574,238,341,964,483,249,232,812,420,242,150,152,63,7,82,1,0,0,1,1,0,1,0,2,0,2,0,2,0,1,1,2,0,0,2,1,0,1,0,192,0,0,0,0,0,0,0,1,0,0,0,2,0,0,0,0,0,0,0,0,0,0,0,0,0,0,0,0,0,0,0,0,0,0,0,0,0,0,0,0,0,0,0,0,0,0,0,55,35,7,13,14,5,7,2,31,31,0,0,293,69,173,51,629,389,84,156,1107,431,527,149
RL Camaro,XboxOne|2535408106840424|0,2025-09-10T22:31:53.000Z,14,CHIMERA,FALSE,FALSE,26,10,5,12,45,25,9,11,38,10,10,18,27,21,4,3,33,17,6,9,67,30,14,23,8,2,3,3,8,3,3,2,68,38,12,18,32,10,8,14,3348,3446,3822,3031,431134,190212,96038,144884,306849,158969,67754,80126,119937,30347,27061,62529,115612,29455,26154,60003,4325,892,907,2526,51,47,60,53,4,1,1,2,8,2,2,3,45,17,11,17,47,28,7,12,0,0,0,0,75,41,15,19,25,7,5,13,24,7,5,12,1,0,0,1,64,73,66,51,10,3,3,4,20,5,5,10,30,12,5,13,51,30,11,10,24,16,5,4,1782,625,588,569,1687,569,316,802,115,47,14,54,178,30,47,101,987,357,208,422,1068,294,223,551,1024,284,215,525,44,10,8,26,0,0,0,0,1,0,0,1,0,0,0,0,2,0,1,1,0,0,0,0,1,0,1,0,122,0,0,0,0,0,0,0,1,0,0,0,0,0,0,0,0,0,0,0,0,0,0,0,0,0,0,0,0,0,0,0,0,0,0,0,0,0,0,0,0,0,0,0,0,0,0,0,47,22,10,15,16,4,6,6,42,6,34,2,410,82,108,220,522,258,86,178,1190,318,492,380
Rocketgirl_32,Epic|c3924fa6d1904e809b3538692c5cb6de|0,2025-09-10T22:08:37.000Z,9,LEGIONARIES,FALSE,FALSE,35,16,6,13,36,19,9,8,32,10,7,15,32,21,7,3,43,17,12,14,57,31,9,17,11,6,2,3,21,7,6,8,75,39,17,18,25,9,4,13,3072,2992,3712,2880,410443,191812,90844,127787,274292,140368,64494,69430,129884,48301,25375,56208,125815,46894,24187,54734,4069,1407,1188,1474,49,47,56,50,1,0,0,1,3,1,1,2,45,21,11,14,51,26,9,16,1,1,0,0,73,38,15,19,27,10,5,12,26,10,5,12,1,0,0,0,49,55,50,40,7,1,2,4,36,15,7,13,32,13,7,12,32,20,6,6,8,7,1,0,1747,831,688,228,1712,890,273,549,14,0,0,14,50,16,3,31,1471,787,240,444,1100,409,206,485,1056,389,195,472,44,20,11,13,1,1,0,0,2,1,1,0,1,0,1,0,5,2,1,2,5,4,1,0,1,1,0,0,490,0,0,0,1,0,0,0,5,0,0,0,0,0,0,0,3,0,0,0,0,0,0,0,1,1,0,0,65,65,0,0,63,63,0,0,0,0,0,0,65,65,0,0,0,0,0,0,53,32,9,12,14,7,6,1,26,26,0,0,283,195,59,29,610,358,108,144,1117,505,541,71
Rocketgirl_32,Epic|c3924fa6d1904e809b3538692c5cb6de|0,2025-09-10T22:17:58.000Z,11,LEGIONARIES,FALSE,FALSE,39,13,10,16,32,21,6,5,38,10,11,18,28,23,5,1,51,25,12,13,49,20,13,15,12,2,5,5,13,4,3,6,70,38,18,14,30,8,8,15,2769,3124,3189,2146,460903,220145,111461,129297,309095,163418,73363,72314,145730,54161,36604,54965,143287,54161,36604,52522,2443,0,0,2443,50,52,53,50,2,1,0,1,7,3,2,2,45,24,9,11,49,19,15,15,0,0,0,0,72,36,18,17,28,10,7,11,28,10,7,11,0,0,0,0,41,44,41,40,14,3,7,4,50,21,14,16,21,10,5,5,29,15,7,7,5,1,0,4,1932,773,697,462,1812,875,463,474,38,2,8,28,88,29,18,41,1474,740,401,333,1281,437,330,514,1258,437,330,491,23,0,0,23,3,0,2,1,3,0,1,2,4,0,2,2,4,1,1,2,6,2,2,2,1,1,0,0,202,0,0,0,0,0,0,0,1,0,0,0,0,0,0,0,1,0,0,0,0,0,0,0,0,0,0,0,0,0,0,0,0,0,0,0,0,0,0,0,0,0,0,0,0,0,0,0,54,35,7,12,14,5,6,3,2,0,0,2,170,96,0,74,646,420,84,142,1230,404,600,226
Rocketgirl_32,Epic|c3924fa6d1904e809b3538692c5cb6de|0,2025-09-10T22:26:31.000Z,13,LEGIONARIES,FALSE,FALSE,36,12,10,14,35,19,8,8,36,5,9,22,30,24,4,2,55,27,11,17,45,21,10,14,10,3,3,4,13,6,2,5,71,42,14,15,29,7,7,16,3286,3597,3534,2839,419686,195546,94681,129459,280546,157715,54643,68188,133768,36425,38190,59153,130089,36425,36711,56953,3679,0,1479,2200,50,48,58,51,2,0,1,1,5,1,2,3,44,22,10,12,50,25,10,15,1,0,0,0,72,40,14,18,28,8,8,12,27,8,7,12,1,0,0,1,35,42,31,28,13,5,5,4,60,25,14,21,16,7,4,5,24,16,3,5,5,4,0,1,1975,1145,385,445,1814,939,404,471,66,0,11,55,85,13,27,45,1389,774,242,373,1157,325,320,512,1120,325,306,489,37,0,14,23,2,1,1,0,3,1,1,1,1,0,1,0,5,1,1,3,5,2,1,2,1,0,1,0,118,0,0,0,0,0,0,0,1,0,0,0,0,0,0,0,1,0,0,0,1,1,0,0,2,0,1,1,139,0,97,42,56,0,66,46,65,65,0,0,70,0,97,42,9,9,0,0,57,31,12,14,15,9,3,3,0,0,0,0,269,205,40,24,684,372,144,168,1231,695,260,276
Rocketgirl_32,Epic|c3924fa6d1904e809b3538692c5cb6de|0,2025-09-10T22:34:54.000Z,15,LEGIONARIES,FALSE,FALSE,34,18,8,9,26,18,7,2,35,16,8,11,28,21,6,0,44,23,12,9,56,37,12,7,10,4,5,1,12,5,3,4,68,44,15,9,32,17,8,7,2838,2948,3980,1942,418254,248301,99854,70099,313451,189871,74420,49160,99931,54923,24684,20324,99931,54923,24684,20324,0,0,0,0,49,48,62,52,2,1,1,0,7,4,2,1,44,25,11,8,48,31,10,7,1,0,1,0,79,49,18,12,21,11,5,4,21,11,5,4,0,0,0,0,48,55,52,31,10,4,3,3,34,15,11,9,34,21,7,6,32,25,6,1,2,1,1,0,1689,974,568,147,1762,1055,494,213,63,29,30,4,106,42,50,14,1612,984,427,201,869,470,229,170,869,470,229,170,0,0,0,0,2,1,0,1,3,2,1,0,2,0,2,0,5,3,1,1,3,1,0,2,1,0,1,0,458,0,0,0,1,0,0,0,2,0,0,0,0,0,0,0,2,0,0,0,1,0,0,1,1,0,1,0,53,0,53,0,30,0,30,0,81,0,0,81,53,0,53,0,53,0,0,53,71,42,19,10,11,6,5,0,0,0,0,0,295,188,107,0,852,504,228,120,805,412,393,0
Stale Popcorn,Steam|76561198094045252|0,2025-09-10T22:08:37.000Z,9,WINTER FRESH,TRUE,FALSE,37,19,8,11,28,14,8,6,31,8,8,16,28,21,7,1,51,24,13,14,49,25,12,11,16,7,5,4,17,9,3,5,70,40,19,12,30,10,6,14,2645,2486,3002,2744,420184,192997,104323,122864,308808,159557,69410,79841,106679,31664,33673,41342,89054,30315,29971,28768,17625,1349,3702,12574,50,47,52,55,3,1,1,1,9,3,3,2,41,19,7,14,50,27,14,9,0,0,0,0,78,43,18,17,22,7,7,9,19,7,6,6,3,0,1,2,50,54,55,40,12,2,4,6,38,17,9,12,29,15,7,8,33,17,10,6,17,10,5,2,1943,879,594,470,1845,907,337,601,78,21,25,32,143,45,49,49,1503,842,217,444,905,272,272,361,778,264,250,264,127,8,22,97,3,1,1,1,3,2,1,0,3,1,2,0,2,1,1,0,4,3,0,1,4,3,0,1,283,0,0,0,0,0,0,0,0,0,0,0,0,0,0,0,3,0,0,0,0,0,0,0,0,0,0,0,0,0,0,0,0,0,0,0,0,0,0,0,0,0,0,0,0,0,0,0,59,30,17,12,15,6,6,3,14,4,10,0,274,163,99,12,694,356,194,144,1226,437,501,288
Stale Popcorn,Steam|76561198094045252|0,2025-09-10T22:17:58.000Z,11,WINTER FRESH,TRUE,FALSE,33,16,9,9,32,18,6,7,33,7,9,16,30,23,5,2,48,25,12,11,52,25,11,17,15,5,6,4,25,9,7,10,74,41,15,18,26,9,7,10,2508,2530,2635,2438,464623,223509,106137,134977,338718,175880,71979,90859,121056,44949,33513,42594,117864,44949,31185,41730,3192,0,2328,864,50,49,53,52,1,0,0,1,4,2,1,1,45,19,11,15,50,28,11,12,0,0,0,0,77,41,16,20,23,9,6,8,22,9,6,8,1,0,0,0,55,58,60,49,10,3,3,4,32,15,6,11,23,12,5,6,45,23,11,11,14,7,4,2,2204,789,888,527,1986,1023,277,686,15,9,0,6,58,17,16,25,1543,865,197,481,1031,392,270,369,1001,392,248,361,30,0,22,8,2,0,1,1,2,1,0,1,1,0,1,0,4,2,2,0,1,0,1,0,3,0,0,3,762,0,0,0,3,0,0,0,5,0,0,0,2,0,0,0,2,0,0,0,0,0,0,0,0,0,0,0,0,0,0,0,0,0,0,0,0,0,0,0,0,0,0,0,0,0,0,0,53,31,6,16,20,6,9,5,22,0,0,22,460,200,159,101,614,372,72,170,1540,400,741,399
Stale Popcorn,Steam|76561198094045252|0,2025-09-10T22:26:31.000Z,13,WINTER FRESH,TRUE,FALSE,29,16,5,8,38,23,7,8,33,8,7,18,31,26,4,1,51,26,10,15,49,28,10,11,17,13,2,2,36,20,8,8,66,45,12,10,34,9,8,16,2982,2982,3487,2899,460879,233609,96180,131090,316785,176232,64543,76010,138748,55131,30555,53062,132612,50685,29622,52305,6136,4446,933,757,54,50,63,59,5,1,2,2,11,3,3,5,45,24,8,12,44,27,8,8,1,0,0,0,73,43,14,16,27,11,6,10,26,10,6,10,1,1,0,0,57,59,66,54,7,3,2,3,24,10,4,10,34,22,6,6,41,22,9,10,18,9,5,5,2112,1053,573,486,1925,878,309,738,111,9,16,86,214,27,82,105,1410,613,256,541,1136,464,240,432,1079,428,234,417,57,36,6,15,4,1,2,1,6,4,1,1,0,0,0,0,7,6,0,1,6,5,1,0,5,5,0,0,578,0,0,0,3,0,0,0,6,0,0,0,0,0,0,0,1,0,0,0,0,0,0,0,0,0,0,0,0,0,0,0,0,0,0,0,0,0,0,0,0,0,0,0,0,0,0,0,52,31,6,15,22,9,8,5,20,0,0,20,579,207,262,110,604,372,72,160,1621,693,538,390
Stale Popcorn,Steam|76561198094045252|0,2025-09-10T22:34:54.000Z,15,WINTER FRESH,TRUE,FALSE,31,6,6,20,37,18,7,12,41,8,8,26,21,13,5,2,53,19,12,22,47,17,8,23,4,1,1,2,13,1,3,9,66,28,14,24,34,7,6,20,3331,3532,3873,2987,435333,148428,95654,191251,326928,112099,75014,139815,104004,34869,19812,49323,97675,33948,18349,45378,6329,921,1463,3945,50,48,57,50,4,1,1,2,8,2,3,4,43,16,9,18,44,16,9,19,4,2,0,3,78,28,16,33,22,7,4,11,20,7,3,10,1,0,0,1,51,54,60,45,9,3,2,5,37,13,5,19,23,8,5,10,39,15,10,15,16,5,5,7,2098,689,422,987,2015,699,350,966,196,17,18,161,154,23,52,79,1557,542,273,742,933,300,158,475,874,284,146,444,59,16,12,31,2,0,1,1,1,0,1,0,0,0,0,0,2,0,0,2,4,0,1,3,0,0,0,0,395,0,0,0,2,0,0,0,6,0,0,0,1,0,0,0,0,0,0,0,1,1,0,0,0,0,0,0,0,0,0,0,0,0,0,0,61,61,0,0,0,0,0,0,0,0,0,0,54,24,6,24,19,5,5,9,5,0,5,0,375,102,144,129,643,288,67,288,1525,398,356,771
StephM2_,Epic|ec55798d2fdd4d3b8d52dc3ae9ace391|0,2025-09-10T21:10:26.000Z,1,GARLIC KNOTS,TRUE,FALSE,33,18,6,10,38,25,6,7,34,9,8,18,36,30,5,1,52,31,9,13,48,26,10,12,12,7,3,2,13,8,1,3,76,52,14,10,24,5,4,15,3124,3276,3279,2755,479565,256346,96220,126999,338249,202759,64308,71182,135730,51837,30175,53718,128097,51323,30031,46743,7633,514,144,6975,57,54,63,60,4,1,1,2,12,4,4,4,50,29,9,12,37,23,6,8,0,0,0,0,74,46,13,15,26,11,5,10,25,11,5,8,1,0,0,1,58,62,56,52,3,1,1,1,21,9,5,7,37,23,6,7,42,25,7,10,10,5,2,2,2477,1275,482,720,2163,1172,308,683,116,59,5,52,158,43,51,64,1575,827,218,530,1055,449,216,390,995,445,215,335,60,4,1,55,3,2,1,0,1,0,1,0,1,0,0,1,2,1,0,1,4,2,1,1,0,0,0,0,479,0,0,0,1,0,0,0,1,0,0,0,0,0,0,0,4,0,0,0,0,0,0,0,1,1,0,0,84,84,0,0,75,75,0,0,0,0,0,0,84,84,0,0,0,0,0,0,73,43,10,20,21,9,6,6,20,16,0,4,579,209,278,92,856,500,120,236,1521,691,322,508
StephM2_,Epic|ec55798d2fdd4d3b8d52dc3ae9ace391|0,2025-09-10T21:18:52.000Z,2,GARLIC KNOTS,FALSE,FALSE,36,14,8,14,33,19,6,8,36,6,10,20,37,31,4,2,39,21,8,10,61,33,11,17,15,10,2,3,22,12,5,6,71,45,12,14,29,9,7,13,3021,3260,3237,2613,472191,233182,99846,139163,340214,180872,71427,87915,125649,50434,26728,48487,124138,50177,25664,48297,1511,257,1064,190,55,50,67,61,4,1,1,2,12,4,4,5,48,24,11,14,39,26,5,8,1,1,0,0,75,44,14,17,25,10,5,10,25,10,5,9,0,0,0,0,48,56,49,36,12,3,3,6,38,15,8,15,25,16,4,5,37,23,7,7,10,6,2,2,2462,917,837,708,2383,1231,426,726,288,49,97,142,173,41,57,75,1833,918,369,546,1036,423,221,392,1024,421,212,391,12,2,9,1,1,1,0,0,2,1,1,0,7,4,2,1,7,3,2,2,3,3,0,0,3,3,0,0,178,0,0,0,0,0,0,0,2,0,0,0,0,0,0,0,0,0,0,0,2,0,1,1,0,0,0,0,0,0,0,0,0,0,0,0,58,0,83,33,0,0,0,0,42,0,76,7,63,36,10,17,20,5,9,6,9,9,0,0,372,103,163,106,747,423,120,204,1628,397,737,494
StephM2_,Epic|ec55798d2fdd4d3b8d52dc3ae9ace391|0,2025-09-10T21:26:54.000Z,4,GARLIC KNOTS,FALSE,FALSE,34,18,8,8,32,24,5,3,20,9,5,6,38,31,5,2,40,25,9,6,60,39,10,10,15,8,5,2,16,6,5,5,82,55,16,11,18,9,4,5,2896,3041,3175,2254,455641,282546,90439,82656,313194,220676,46202,46316,136541,59297,42591,34653,130730,54917,41160,34653,5811,4380,1431,0,52,50,58,59,3,1,1,1,8,4,2,2,47,29,8,9,45,31,9,5,0,0,0,0,72,51,11,10,28,14,8,6,27,13,8,6,2,1,1,0,47,53,48,29,16,7,4,5,42,23,9,10,22,15,4,2,36,27,6,3,10,8,1,1,2434,1699,434,301,2283,1508,326,449,78,20,14,44,114,56,29,29,1570,1049,213,308,1222,597,360,265,1153,554,334,265,69,43,26,0,4,2,2,0,1,1,0,0,3,2,1,0,3,0,3,0,4,2,1,1,2,2,0,0,223,0,0,0,0,0,0,0,3,0,0,0,0,0,0,0,1,0,0,0,0,0,0,0,0,0,0,0,0,0,0,0,0,0,0,0,0,0,0,0,0,0,0,0,0,0,0,0,68,49,9,10,18,14,3,1,12,6,6,0,232,232,0,0,804,582,102,120,1568,1168,300,100
StephM2_,Epic|ec55798d2fdd4d3b8d52dc3ae9ace391|0,2025-09-10T21:35:01.000Z,7,GARLIC KNOTS,FALSE,FALSE,35,15,4,16,40,20,9,11,28,5,4,19,48,30,10,7,53,21,11,21,47,24,8,15,11,8,1,2,16,7,3,7,77,41,16,20,23,4,3,15,3042,3490,3627,2300,496078,215601,104264,176213,371198,182701,75205,113292,120061,31577,28191,60293,115785,30002,27940,57843,4276,1575,251,2450,57,55,67,57,4,1,1,2,13,4,3,5,52,24,11,17,36,17,5,13,0,0,0,0,76,38,14,23,24,7,5,12,23,6,5,11,1,0,0,1,54,59,58,49,12,3,3,5,29,13,7,10,26,9,4,13,44,23,9,12,10,8,1,0,2444,1344,501,599,2369,1028,395,946,142,58,9,75,194,56,53,85,1744,766,270,708,1029,289,224,516,974,272,219,483,55,17,5,33,1,0,0,1,3,2,1,0,2,0,2,0,4,3,0,1,3,2,0,1,1,1,0,0,238,0,0,0,1,0,0,0,4,0,0,0,0,0,0,0,0,0,0,0,2,0,0,2,0,0,0,0,0,0,0,0,0,0,0,0,74,0,0,74,0,0,0,0,23,0,0,23,65,38,13,14,20,9,5,6,39,25,10,4,434,144,123,167,741,431,146,164,1566,756,377,433
Sup3rm4n,Steam|76561199045527374|0,2025-09-10T21:10:26.000Z,1,BOMBERS,FALSE,FALSE,32,12,7,13,39,22,8,8,41,11,10,20,29,22,5,1,61,27,16,18,39,20,8,11,14,6,2,6,18,6,5,8,63,39,14,10,37,9,9,19,3243,3692,3411,2621,497212,237953,124239,135020,387533,209203,99132,79198,105594,27452,24024,54118,102722,27452,23201,52069,2872,0,823,2049,58,59,68,54,7,3,2,2,15,7,5,4,52,26,13,13,33,15,6,13,0,0,0,0,79,42,19,18,21,6,5,11,20,6,4,10,1,0,0,1,48,57,49,38,12,2,4,5,37,14,10,14,27,12,6,10,35,22,7,6,9,6,1,1,2580,1401,817,362,2448,1195,628,625,439,279,76,84,294,119,83,92,2244,1136,548,560,876,223,190,463,839,223,184,432,37,0,6,31,3,0,0,3,1,0,0,1,7,2,3,2,4,2,1,1,3,1,1,1,2,1,1,0,124,0,0,0,0,0,0,0,3,0,0,0,0,0,0,0,0,0,0,0,1,0,0,1,0,0,0,0,0,0,0,0,0,0,0,0,55,0,0,55,0,0,0,0,0,0,0,0,69,39,8,22,21,12,7,2,24,19,5,0,467,303,85,79,804,449,91,264,1633,897,615,121
Sup3rm4n,Steam|76561199045527374|0,2025-09-10T21:18:52.000Z,2,BOMBERS,TRUE,FALSE,38,16,8,14,32,15,7,10,41,11,9,20,26,18,5,3,43,23,8,11,57,24,14,20,15,5,3,7,19,6,5,9,66,36,15,15,34,11,7,16,2710,2725,3405,2544,473254,217133,103432,152689,379818,190763,82724,106331,90280,25415,19919,44946,84901,23335,19919,41647,5379,2080,0,3299,55,54,63,58,5,1,1,2,13,4,3,5,47,23,9,16,40,20,10,10,0,0,0,0,80,40,17,22,20,6,5,9,19,6,5,8,1,1,0,1,53,60,57,45,12,5,4,3,34,13,9,12,25,9,4,11,41,24,9,8,14,10,3,2,2300,1211,512,577,2440,1032,478,930,332,84,86,162,203,61,50,92,1941,877,368,696,861,265,220,376,803,231,220,352,58,34,0,24,3,1,1,1,3,0,0,3,5,1,1,3,5,2,0,3,5,3,0,2,3,1,1,1,581,0,0,0,3,0,0,0,4,0,0,0,1,0,0,0,0,0,0,0,2,0,2,0,0,0,0,0,0,0,0,0,0,0,0,0,56,0,56,0,0,0,0,0,0,0,0,0,70,40,10,20,18,9,5,4,59,50,2,7,306,149,100,57,781,430,118,233,1494,751,400,343
Sup3rm4n,Steam|76561199045527374|0,2025-09-10T21:26:54.000Z,4,BOMBERS,TRUE,FALSE,38,14,8,16,30,18,8,4,34,8,8,19,28,21,6,1,52,23,13,16,48,24,12,13,12,3,1,8,14,6,2,7,71,39,18,14,29,7,7,15,3026,3446,3697,2132,450361,211450,112507,126404,362720,187488,96360,78872,84703,22922,15459,46322,72209,22794,13213,36202,12494,128,2246,10120,52,53,58,51,3,1,1,2,8,3,2,3,49,25,12,12,43,18,11,14,0,0,0,0,79,40,21,18,21,6,4,11,19,6,3,9,2,0,1,2,54,59,68,39,10,2,3,4,37,15,7,15,19,6,4,9,44,25,14,5,11,7,4,0,2254,1268,680,306,2176,953,391,832,186,90,29,67,149,40,41,68,1706,830,304,572,925,271,171,483,819,269,148,402,106,2,23,81,0,0,0,0,1,0,1,0,3,0,0,3,3,0,0,3,6,2,1,3,3,0,1,2,452,0,0,0,1,0,0,0,2,0,0,0,2,0,0,0,1,0,0,0,2,0,1,1,1,0,1,0,67,0,67,0,12,0,12,0,72,0,60,83,67,0,67,0,31,0,36,26,67,43,10,14,19,9,8,2,32,31,1,0,368,161,182,25,772,485,119,168,1532,739,618,175
Sup3rm4n,Steam|76561199045527374|0,2025-09-10T21:35:01.000Z,7,BOMBERS,TRUE,FALSE,34,19,9,6,33,21,6,6,36,14,10,12,30,25,5,0,46,29,8,9,54,33,15,6,15,8,5,2,19,9,6,4,70,50,13,7,30,12,10,9,2964,3024,3237,3173,409879,242423,91442,76014,333716,207403,70099,56214,73200,33767,20721,18712,69792,30359,20721,18712,3408,3408,0,0,48,46,58,58,3,1,1,1,6,2,2,2,42,25,9,8,51,35,12,5,1,1,0,0,81,53,17,12,19,10,5,4,17,8,5,4,1,1,0,0,46,48,53,40,14,7,3,3,42,26,10,6,26,14,6,5,32,22,7,4,6,5,1,0,1966,1138,667,161,1952,1074,507,371,190,82,51,57,129,39,41,49,1707,910,445,352,793,405,230,158,739,351,230,158,54,54,0,0,2,1,0,1,0,0,0,0,2,0,1,1,4,2,2,0,7,5,1,1,4,4,0,0,352,0,0,0,1,0,0,0,1,0,0,0,1,0,0,0,1,0,0,0,1,1,0,0,2,2,0,0,0,0,0,0,66,66,0,0,83,83,0,0,0,0,0,0,43,43,0,0,60,42,12,6,15,8,6,1,8,8,0,0,239,197,42,0,712,496,144,72,1261,603,558,100
sXCyBeast,Steam|76561198121287066|0,2025-09-10T21:24:39.000Z,3,HR VIOLATION,TRUE,FALSE,37,15,10,13,26,17,6,3,33,8,8,16,31,21,8,2,47,23,9,14,53,26,15,12,10,5,2,3,14,5,3,6,79,44,21,14,21,6,4,12,2574,2925,2698,2015,409313,186312,110638,112363,276510,146923,76336,53251,128314,38236,33159,56919,120119,37994,32338,49787,8195,242,821,7132,46,43,56,48,2,1,1,1,4,2,1,1,35,12,11,12,61,36,12,13,0,0,0,0,70,39,18,13,30,11,7,13,28,11,6,11,2,0,0,2,45,50,52,33,12,4,3,4,42,19,10,14,30,14,7,9,28,17,8,3,10,7,2,0,2139,652,1050,437,2080,770,581,729,43,8,24,11,87,25,33,29,1262,448,424,390,1332,470,285,577,1244,467,275,502,88,3,10,75,4,3,0,1,5,3,1,1,3,2,0,1,4,1,1,2,5,1,3,1,0,0,0,0,441,0,0,0,2,0,0,0,3,0,0,0,0,0,0,0,2,0,0,0,0,0,0,0,1,1,0,0,91,91,0,0,55,55,0,0,0,0,0,0,91,91,0,0,0,0,0,0,72,45,12,15,15,1,11,3,69,69,0,0,250,68,178,4,795,471,144,180,1250,32,922,296
sXCyBeast,Steam|76561198121287066|0,2025-09-10T21:31:13.000Z,5,HR VIOLATION,TRUE,FALSE,40,19,8,13,24,17,4,3,32,8,9,15,33,30,3,0,45,25,11,8,55,34,8,13,8,3,2,3,8,1,2,5,73,51,12,9,27,8,7,12,2746,3004,2906,2034,413848,232179,87502,94167,268492,176620,49500,42372,140274,53688,36646,49940,127385,45844,34289,47252,12889,7844,2357,2688,50,48,58,54,3,1,1,1,8,2,3,3,41,25,8,8,50,33,8,9,0,0,0,0,69,47,12,10,31,12,7,11,28,10,7,10,3,2,0,1,50,56,54,31,5,2,2,2,37,19,7,12,28,16,5,7,35,25,7,3,11,8,2,0,2180,1242,704,234,2084,1233,335,516,70,20,6,44,133,27,53,53,1383,813,209,361,1257,502,302,453,1132,421,286,425,125,81,16,28,0,0,0,0,1,0,0,1,0,0,0,0,0,0,0,0,0,0,0,0,0,0,0,0,326,0,0,0,1,0,0,0,1,0,0,0,0,0,0,0,1,0,0,0,0,0,0,0,2,1,0,1,142,90,0,52,34,63,0,4,0,0,0,0,71,90,0,52,0,0,0,0,74,51,12,11,14,8,5,1,20,20,0,0,239,126,113,0,868,592,144,132,1161,674,387,100
sXCyBeast,Steam|76561198121287066|0,2025-09-10T21:31:31.000Z,6,HR VIOLATION,TRUE,FALSE,39,19,8,13,24,16,4,3,32,8,9,15,33,30,3,0,45,25,11,8,55,34,8,13,12,2,4,6,11,4,1,6,73,51,12,9,27,8,7,12,2744,3000,2912,2032,413791,232764,87014,94013,269029,177140,49501,42388,139597,53794,36185,49618,126954,45931,33943,47080,12643,7863,2242,2538,50,48,58,53,3,1,1,1,8,2,3,3,42,25,8,9,50,32,8,9,0,0,0,0,69,47,12,10,31,12,7,11,28,10,7,10,3,2,0,1,50,57,54,32,5,2,1,1,36,18,6,12,28,16,5,7,36,25,8,3,11,9,3,0,2201,1257,701,243,2104,1249,318,537,87,23,8,56,131,24,52,55,1392,820,196,376,1248,499,296,453,1125,418,281,426,123,81,15,27,0,0,0,0,1,0,0,1,0,0,0,0,0,0,0,0,0,0,0,0,0,0,0,0,326,0,0,0,1,0,0,0,1,0,0,0,0,0,0,0,1,0,0,0,0,0,0,0,2,1,0,1,142,90,0,52,33,63,0,3,0,0,0,0,71,90,0,52,0,0,0,0,72,50,11,11,15,8,6,1,20,20,0,0,217,131,86,0,844,580,132,132,1283,669,514,100
sXCyBeast,Steam|76561198121287066|0,2025-09-11T02:16:19.000Z,16,HR VIOLATION,FALSE,TRUE,30,13,5,12,35,17,12,6,40,11,10,19,32,21,9,2,48,22,12,14,52,26,13,14,9.87,4.93,0.99,3.95,11,5,2,4,67,40,16,11,33,8,9,16,3118,3015,4140,2665,434491.78,186009.87,119335.86,129146.05,295041.12,143169.08,86452.3,65419.74,134373.36,41536.18,31357.89,61479.28,129733.22,40436.84,29345.72,59950.66,4640.13,1099.34,2012.17,1528.62,51,45,62,57,4,1,2,2,10,3,4,4,41,16,12,13,46,28,9,10,2,2,0,0,73,40,19,15,27,9,6,12,25,8,6,12,1,0,0,1,41,42,53,31,12,1,3,7,48,20,10,18,29,19,6,4,23,9,9,5,4,1,3,0,2016.12,783.55,718.42,514.14,1981.58,847.7,533.88,600,162.83,55.26,53.29,54.28,180.59,38.49,76.97,65.13,1321.38,530.92,379.93,410.53,1105.26,350.33,245.72,509.21,1043.09,339.47,227.96,475.66,62.17,10.86,17.76,33.55,2.96,1.97,0,0.99,2.96,0.99,0,1.97,1.97,0,0,1.97,3.95,1.97,0,1.97,1.97,1.97,0,0,0,0,0,0,191.45,0,0,0,0,0,0,0,0.99,0,0,0,0,0,0,0,1.97,0,0,0,0,0,0,0,0.99,0,0.99,0,98.68,0,98.68,0,69,0,69,0,0,0,0,0,100,0,100,0,0,0,0,0,74.01,36.51,18.75,18.75,13.82,3.95,5.92,3.95,0,0,0,0,282.24,55.26,167.76,59.21,888.16,438.16,225,225,1099.34,339.47,424.34,335.53
TimmyIU20,Epic|9e7b91a65fdd474680ecaef6feeaa99a|0,2025-09-10T22:08:37.000Z,9,WINTER FRESH,TRUE,FALSE,34,16,9,9,29,17,8,5,28,12,6,10,35,25,9,2,45,25,10,10,55,29,12,14,15,5,4,6,20,7,7,7,69,40,16,13,31,14,6,11,2698,2699,3188,2493,388067,195492,91385,101190,274758,156355,63397,55006,108772,37565,26711,44496,102919,35219,26711,40989,5853,2346,0,3507,46,44,52,50,1,0,1,0,3,2,1,0,34,15,8,11,62,36,13,12,0,0,0,0,73,43,16,15,27,11,6,10,25,10,6,8,2,1,0,1,50,59,54,29,13,4,4,5,40,16,9,15,24,13,5,6,36,25,8,3,14,11,3,0,1812,1285,411,116,1804,959,362,483,58,24,28,6,53,17,25,11,1296,730,228,338,1074,445,246,383,989,408,246,335,85,37,0,48,4,0,3,1,3,0,1,2,2,0,0,2,3,0,0,3,2,1,0,1,5,3,1,1,214,0,0,0,0,0,0,0,1,0,0,0,0,0,0,0,1,0,0,0,0,0,0,0,0,0,0,0,0,0,0,0,0,0,0,0,0,0,0,0,0,0,0,0,0,0,0,0,47,30,9,8,16,10,5,1,27,16,11,0,512,187,241,84,537,344,97,96,1088,813,259,16
TimmyIU20,Epic|9e7b91a65fdd474680ecaef6feeaa99a|0,2025-09-10T22:17:58.000Z,11,WINTER FRESH,TRUE,FALSE,37,15,9,12,26,10,8,8,41,9,13,19,22,14,5,3,46,25,12,9,54,17,16,21,16,8,5,3,13,4,4,5,62,28,18,17,38,13,11,14,2291,2349,2403,2253,419230,178386,120785,120059,305425,136033,85119,84273,109405,40960,34006,34439,100328,37672,32589,30067,9077,3288,1417,4372,46,46,50,44,1,0,0,0,2,1,1,1,38,16,11,10,59,24,16,19,1,0,0,0,77,33,22,22,23,8,7,8,21,8,7,7,2,1,0,2,50,50,49,54,10,2,4,4,36,15,12,9,27,12,6,8,38,14,11,13,7,2,2,3,2293,946,1021,326,2158,1133,492,533,90,35,22,33,54,15,21,18,1752,924,434,394,1056,374,306,376,942,343,294,305,114,31,12,71,3,2,1,0,2,1,0,1,5,2,3,0,5,3,2,0,6,5,1,0,4,1,1,2,432,0,0,0,2,0,0,0,3,0,0,0,1,0,0,0,0,0,0,0,0,0,0,0,0,0,0,0,0,0,0,0,0,0,0,0,0,0,0,0,0,0,0,0,0,0,0,0,59,25,13,21,20,7,10,3,4,0,0,4,410,97,154,159,704,300,156,248,1590,603,846,141
TimmyIU20,Epic|9e7b91a65fdd474680ecaef6feeaa99a|0,2025-09-10T22:26:31.000Z,13,WINTER FRESH,TRUE,FALSE,36,15,9,12,26,16,5,5,41,15,11,14,25,19,6,1,47,27,7,13,53,27,15,12,13,4,4,5,17,6,4,6,60,35,13,12,40,19,9,13,2589,2728,2584,2286,401639,199883,94858,106898,269734,151771,63661,54302,127636,46647,30651,50338,117270,43388,27245,46637,10366,3259,3406,3701,47,44,50,51,4,1,1,2,7,2,2,2,33,16,8,9,59,35,12,12,1,1,0,0,73,43,16,15,27,11,6,9,25,10,6,9,2,1,1,1,54,64,47,37,7,2,4,1,38,13,10,15,20,10,5,5,42,30,7,5,8,5,2,1,2049,1137,726,186,1988,1137,407,444,135,31,75,29,175,38,64,73,1376,837,256,283,1126,457,267,402,1041,429,236,376,85,28,31,26,6,3,1,2,3,0,1,2,1,0,1,0,3,0,1,2,4,2,0,2,2,1,1,0,418,0,0,0,2,0,0,0,4,0,0,0,1,0,0,0,1,0,0,0,2,1,1,0,1,0,0,1,100,0,0,100,10,0,0,10,56,30,82,0,100,0,0,100,87,100,74,0,51,31,9,11,16,9,6,1,17,17,0,0,151,122,9,20,595,355,108,132,1449,778,591,80
TimmyIU20,Epic|9e7b91a65fdd474680ecaef6feeaa99a|0,2025-09-10T22:34:54.000Z,15,WINTER FRESH,TRUE,FALSE,31,11,6,15,27,19,5,3,28,9,6,14,37,27,8,2,56,23,11,22,44,25,9,10,10,3,3,4,14,7,2,5,80,39,17,24,20,8,3,8,3024,3610,3320,2042,361112,164654,80798,115660,257099,124271,62768,70060,99977,38751,17243,43983,99977,38751,17243,43983,0,0,0,0,42,40,48,43,2,0,1,1,3,0,1,2,28,12,7,9,69,34,13,21,1,0,0,0,75,36,16,22,25,11,4,10,25,11,4,10,0,0,0,0,47,56,44,38,9,3,2,3,38,16,9,13,30,9,6,15,32,22,6,4,5,4,1,0,1633,986,407,240,1507,666,286,555,75,12,26,37,77,8,32,37,1072,501,221,350,1052,460,177,415,1052,460,177,415,0,0,0,0,2,1,1,0,5,1,2,2,4,1,2,1,1,1,0,0,2,1,0,1,2,0,0,2,486,0,0,0,2,0,0,0,4,0,0,0,1,0,0,0,2,0,0,0,0,0,0,0,2,2,0,0,116,116,0,0,49,49,0,0,0,0,0,0,58,58,0,0,0,0,0,0,63,30,12,21,14,10,3,1,4,4,0,0,310,193,63,54,752,356,144,252,1090,807,237,46
TTV/DucksNotKeys,Steam|76561198081248882|0,2025-09-10T22:06:35.000Z,8,CHIMERA,FALSE,FALSE,35,20,8,7,19,11,8,1,29,13,10,6,22,14,7,2,31,21,8,2,69,42,14,13,2,1,0,1,5,1,1,3,74,51,14,9,26,13,8,6,2546,2526,3506,1753,206000,120641,52837,32522,167983,102820,42876,22287,35918,17187,8823,9908,32569,13838,8823,9908,3349,3349,0,0,46,43,59,49,1,0,0,1,3,1,1,1,39,22,12,5,55,38,9,8,2,2,0,0,82,54,18,10,18,9,4,5,16,7,4,5,2,2,0,0,53,57,59,38,11,3,4,4,35,19,8,9,22,16,4,2,43,28,11,4,16,11,3,2,745,422,291,32,729,342,246,141,39,2,7,30,32,11,0,21,582,297,198,87,390,201,85,104,348,159,85,104,42,42,0,0,1,0,0,1,0,0,0,0,0,0,0,0,0,0,0,0,1,1,0,0,1,1,0,0,68,0,0,0,0,0,0,0,2,0,0,0,0,0,0,0,0,0,0,0,0,0,0,0,0,0,0,0,0,0,0,0,0,0,0,0,0,0,0,0,0,0,0,0,0,0,0,0,21,16,2,3,7,4,3,0,41,26,0,15,274,155,119,0,211,166,24,21,426,245,181,0
TTV/DucksNotKeys,Steam|76561198081248882|0,2025-09-10T22:17:25.000Z,10,CHIMERA,FALSE,FALSE,34,15,3,16,27,13,6,7,34,10,7,17,30,16,7,7,41,19,9,12,59,25,11,23,12,7,2,3,15,5,2,8,71,34,14,22,29,10,6,13,2649,2710,3458,2094,397407,168459,90272,138676,310868,128703,74407,107758,82635,38151,15006,29478,82635,38151,15006,29478,0,0,0,0,47,46,51,47,2,1,0,1,5,3,1,1,39,16,9,14,55,25,11,20,1,1,0,0,83,36,18,28,17,9,2,7,17,9,2,7,0,0,0,0,58,55,56,64,6,1,2,3,27,13,7,6,26,15,3,9,47,16,11,20,13,5,3,6,1824,829,464,531,1769,863,284,622,67,43,0,24,84,44,18,22,1336,651,248,437,689,338,91,260,689,338,91,260,0,0,0,0,1,0,0,1,1,1,0,0,4,4,0,0,3,1,1,1,2,0,0,2,0,0,0,0,208,0,0,0,0,0,0,0,1,0,0,0,0,0,0,0,2,0,0,0,0,0,0,0,0,0,0,0,0,0,0,0,0,0,0,0,0,0,0,0,0,0,0,0,0,0,0,0,64,45,4,15,15,4,6,5,77,56,0,21,478,151,213,114,691,484,48,159,1022,249,387,386
TTV/DucksNotKeys,Steam|76561198081248882|0,2025-09-10T22:25:01.000Z,12,CHIMERA,FALSE,FALSE,42,22,7,13,28,17,7,4,39,13,9,17,26,22,3,0,51,32,9,10,49,24,11,13,10,7,1,2,12,6,3,4,68,45,13,10,32,12,7,13,2645,2573,3540,2147,449570,241638,99592,108340,329636,179583,74954,75099,114629,59848,23348,31433,108228,53447,23348,31433,6401,6401,0,0,52,50,59,53,3,2,1,1,9,4,3,2,48,24,12,12,44,28,6,10,0,0,0,0,76,43,15,17,24,13,5,6,23,12,5,6,1,1,0,0,51,54,46,51,9,6,3,1,32,17,9,7,31,16,5,10,37,23,6,7,9,7,1,0,2277,1133,621,523,2132,1169,438,525,108,41,27,40,140,68,44,28,1799,887,409,503,1048,576,201,271,988,516,201,271,60,60,0,0,1,0,0,1,1,1,0,0,3,0,1,2,4,4,0,0,5,3,1,1,0,0,0,0,320,0,0,0,1,0,0,0,4,0,0,0,0,0,0,0,1,0,0,0,3,1,2,0,1,0,0,1,70,0,0,70,40,0,0,40,53,29,65,0,70,0,0,70,40,77,22,0,61,36,14,11,19,9,5,5,12,8,1,3,203,92,21,90,720,424,167,129,1697,808,479,410
TTV/DucksNotKeys,Steam|76561198081248882|0,2025-09-10T22:31:53.000Z,14,CHIMERA,FALSE,FALSE,36,17,8,11,31,21,6,4,35,15,7,14,39,28,9,3,35,20,7,8,65,37,14,15,19,7,4,8,25,14,5,7,79,47,16,16,21,9,5,6,2873,3274,2666,2059,403464,211931,96148,95385,314110,175202,75154,63754,86386,35736,20297,30353,72196,27500,17220,27476,14190,8236,3077,2877,48,45,55,51,2,1,1,1,6,3,2,2,40,20,11,9,52,33,8,11,1,1,0,0,79,46,17,16,21,10,4,6,17,8,4,6,4,3,1,1,50,55,43,45,12,4,4,3,30,14,8,7,38,21,7,10,32,21,6,5,5,3,1,0,1737,909,501,327,1656,919,379,358,45,10,17,18,98,43,26,29,1431,799,332,300,867,428,170,269,709,320,146,243,158,108,24,26,4,0,2,2,2,1,0,1,1,1,0,0,3,2,0,1,4,1,1,2,1,0,0,1,204,0,0,0,0,0,0,0,2,0,0,0,0,0,0,0,1,0,0,0,0,0,0,0,0,0,0,0,0,0,0,0,0,0,0,0,0,0,0,0,0,0,0,0,0,0,0,0,73,43,13,17,13,6,5,2,15,15,0,0,394,158,200,36,861,501,156,204,906,442,300,164
MedicMac121,Epic|d7044c2dab724204be4ef33eb9771dfe|0,2025-09-10T21:10:26.000Z,1,GARLIC KNOTS,TRUE,FALSE,36,17,7,13,33,25,6,2,34,12,9,13,33,29,4,0,51,27,10,14,49,33,9,8,22,11,4,7,18,11,3,4,74,52,12,10,26,8,7,11,2992,3275,3470,2114,460952,271898,91162,97892,268100,175874,51956,40270,183202,90728,37786,54688,180500,90728,37786,51986,2702,0,0,2702,54,54,63,54,6,3,1,2,11,6,3,3,47,28,9,10,41,26,7,9,0,0,0,0,65,42,12,10,35,17,7,11,35,17,7,11,1,0,0,1,39,44,40,27,13,4,4,6,52,26,11,15,23,17,3,2,25,16,5,4,4,2,1,1,2267,1142,628,497,2282,1439,387,456,187,70,86,31,228,105,60,63,1709,1105,260,344,1415,692,280,443,1393,692,280,421,22,0,0,22,2,1,0,1,2,2,0,0,6,1,3,2,2,1,1,0,7,4,2,1,7,4,1,2,477,0,0,0,1,0,0,0,3,0,0,0,1,0,0,0,3,0,0,0,0,0,0,0,1,0,1,0,17,0,17,0,21,0,21,0,0,0,0,0,17,0,17,0,0,0,0,0,63,40,3,20,19,7,8,4,18,11,0,7,502,135,285,82,738,469,36,233,1398,565,515,318
MedicMac121,Epic|d7044c2dab724204be4ef33eb9771dfe|0,2025-09-10T21:26:54.000Z,4,GARLIC KNOTS,FALSE,FALSE,32,18,7,7,30,15,7,7,48,17,15,16,19,15,3,2,47,27,12,8,53,23,14,16,11,5,3,3,18,12,3,2,60,36,13,11,40,14,12,13,2897,2837,3450,2821,453844,226765,114271,112808,262209,143628,64351,54230,183392,79565,47396,56431,177443,75781,45231,56431,5949,3784,2165,0,52,52,58,54,6,3,2,1,14,6,4,4,44,22,11,11,40,22,8,10,2,0,2,0,62,33,16,13,38,18,9,11,37,17,9,11,1,1,0,0,35,39,33,33,24,11,6,7,59,28,17,14,16,8,4,5,25,15,5,6,4,3,0,0,2266,1187,709,370,2346,1130,624,592,236,114,68,54,238,107,74,57,1603,767,456,380,1612,755,389,468,1554,713,373,468,58,42,16,0,1,1,0,0,4,2,1,1,1,1,0,0,6,4,1,1,3,2,0,1,0,0,0,0,144,0,0,0,0,0,0,0,1,0,0,0,0,0,0,0,1,0,0,0,0,0,0,0,1,0,1,0,0,0,0,0,12,0,12,0,0,0,0,0,0,0,0,0,0,0,0,0,49,28,8,13,18,9,6,3,23,23,0,0,348,165,117,66,565,313,96,156,1452,735,483,234
MedicMac121,Epic|d7044c2dab724204be4ef33eb9771dfe|0,2025-09-10T21:35:01.000Z,7,GARLIC KNOTS,FALSE,FALSE,33,9,8,17,35,17,8,10,39,7,9,22,25,17,6,1,48,17,13,19,52,17,12,23,14,2,4,8,14,1,4,9,68,28,17,23,32,6,8,19,2952,3498,3393,2398,474574,169899,113483,191192,268559,109757,62252,96550,196686,57173,48461,91052,196686,57173,48461,91052,0,0,0,0,55,58,56,53,5,2,1,2,12,5,3,5,47,18,10,19,40,11,12,17,0,0,0,0,60,23,14,23,40,10,11,19,40,10,11,19,0,0,0,0,34,42,40,26,29,7,6,16,60,18,14,28,15,5,4,6,25,11,7,7,4,2,1,0,2261,954,798,509,2337,847,600,890,260,110,50,100,221,80,58,83,1726,703,418,605,1686,439,452,795,1686,439,452,795,0,0,0,0,4,0,2,2,3,0,1,2,4,0,1,3,4,1,1,2,7,1,2,4,1,0,0,1,248,0,0,0,1,0,0,0,2,0,0,0,0,0,0,0,0,0,0,0,1,0,1,0,0,0,0,0,0,0,0,0,0,0,0,0,83,0,83,0,0,0,0,0,63,0,63,0,63,30,8,25,19,8,8,3,10,2,1,7,347,151,123,73,746,358,95,293,1553,649,677,227
Rich-Rollin6060,PS4|3215757379917656546|0,2025-09-10T21:10:26.000Z,1,GARLIC KNOTS,TRUE,FALSE,32,17,7,8,30,19,7,5,33,12,9,12,32,25,5,2,43,24,10,9,57,32,13,12,8,5,1,2,11,4,4,3,75,48,16,11,25,8,7,10,3103,3215,3296,2915,436351,242700,101669,91982,347266,200753,80361,66152,85283,40293,20235,24755,81241,38851,19718,22672,4042,1442,517,2083,52,52,58,51,3,2,1,1,8,4,2,2,45,24,12,9,46,28,9,10,0,0,0,0,81,47,18,16,19,9,5,5,18,9,5,5,2,0,0,1,40,41,43,39,17,8,6,3,50,28,12,11,22,12,5,5,28,16,6,6,7,5,2,0,2068,1006,756,306,2147,1160,427,560,219,159,33,27,136,72,27,37,1729,984,368,377,773,355,197,221,707,337,191,179,66,18,6,42,0,0,0,0,2,2,0,0,2,1,1,0,3,1,1,1,1,1,0,0,2,1,0,1,288,0,0,0,1,0,0,0,1,0,0,0,0,0,0,0,1,0,0,0,0,0,0,0,2,0,1,1,50,0,1,49,63,0,52,74,0,0,0,0,25,0,1,49,0,0,0,0,58,38,7,13,18,7,9,2,22,17,0,5,319,151,147,21,674,439,84,151,1481,549,753,179
Rich-Rollin6060,PS4|3215757379917656546|0,2025-09-10T21:18:52.000Z,2,GARLIC KNOTS,FALSE,FALSE,31,16,7,8,40,20,10,10,39,8,11,19,28,19,7,2,45,22,11,12,55,28,12,15,9,5,3,1,9,6,1,2,63,39,14,11,37,11,9,16,3257,3225,3851,3002,456570,218747,107516,130307,323496,159027,81577,82892,128533,58363,24363,45807,126749,58363,24363,44023,1784,0,0,1784,53,51,58,57,5,2,1,2,10,4,3,3,49,24,11,14,41,23,9,9,0,0,0,0,74,37,18,18,26,13,5,9,26,13,5,9,0,0,0,0,39,43,42,30,22,9,6,7,51,23,12,16,20,9,4,7,29,17,7,4,5,3,1,0,2088,832,849,407,2212,937,509,766,208,36,106,66,227,89,58,80,1629,675,448,506,1096,529,185,382,1081,529,185,367,15,0,0,15,2,1,1,0,0,0,0,0,1,0,1,0,3,1,1,1,5,3,1,1,3,3,0,0,122,0,0,0,0,0,0,0,0,0,0,0,0,0,0,0,0,0,0,0,1,0,0,1,0,0,0,0,0,0,0,0,0,0,0,0,49,0,0,49,0,0,0,0,45,0,0,45,48,25,7,16,19,8,8,3,19,19,0,0,249,150,53,46,557,281,84,192,1651,650,747,254
Rich-Rollin6060,PS4|3215757379917656546|0,2025-09-10T21:35:01.000Z,7,GARLIC KNOTS,FALSE,FALSE,31,7,7,18,25,10,7,9,34,5,8,20,27,13,6,9,50,13,15,22,50,19,12,19,13,2,5,6,23,5,6,12,69,26,18,25,31,6,8,17,2844,3226,3367,2268,421868,130914,115546,175408,310649,113125,91375,106149,107317,17107,23125,67085,107317,17107,23125,67085,0,0,0,0,49,48,52,50,2,0,1,1,4,1,2,2,42,13,11,18,53,18,14,22,1,0,0,0,77,29,22,27,23,3,5,14,23,3,5,14,0,0,0,0,36,46,35,29,31,6,12,14,55,12,16,26,19,9,2,8,26,10,8,8,7,3,3,1,1614,485,886,243,1679,607,394,678,55,13,40,2,81,14,31,36,1343,577,292,474,969,134,218,617,969,134,218,617,0,0,0,0,5,1,2,2,4,0,1,3,5,1,4,0,6,1,2,3,3,0,1,2,1,0,0,1,204,0,0,0,0,0,0,0,0,0,0,0,2,0,0,0,0,0,0,0,0,0,0,0,1,0,0,1,23,0,0,23,78,0,0,78,0,0,0,0,23,0,0,23,0,0,0,0,54,28,8,18,13,2,9,2,16,8,4,4,195,47,33,115,632,328,92,212,1105,153,867,85
seargd,Epic|79e5e2a1a7d243108d5ff9de037bcd4c|0,2025-09-10T22:08:37.000Z,9,LEGIONARIES,FALSE,FALSE,30,14,6,9,31,19,9,4,25,9,6,10,37,25,9,3,47,25,13,10,53,30,12,12,8,4,1,3,9,6,1,2,80,46,20,13,20,8,4,8,3178,3238,3883,2414,417632,232250,98239,87143,271964,168783,60312,42869,138921,60013,36235,42673,132249,57132,32444,42673,6672,2881,3791,0,50,51,50,50,5,3,1,1,11,6,2,3,38,22,9,7,50,26,13,11,0,0,0,0,73,43,17,12,27,11,7,9,26,11,6,9,2,1,1,0,39,40,39,37,17,5,6,6,53,30,14,10,21,10,5,7,26,15,7,4,4,2,1,1,1986,1039,705,242,2015,1067,456,492,189,152,3,34,222,120,60,42,1385,801,280,304,1070,429,295,346,1006,406,254,346,64,23,41,0,2,1,0,1,1,0,0,1,1,1,0,0,3,2,0,1,3,2,0,1,0,0,0,0,252,0,0,0,0,0,0,0,1,0,0,0,1,0,0,0,1,0,0,0,0,0,0,0,0,0,0,0,0,0,0,0,0,0,0,0,0,0,0,0,0,0,0,0,0,0,0,0,73,55,10,8,14,6,7,1,37,30,0,7,349,244,105,0,839,630,120,89,1051,356,595,100
seargd,Epic|79e5e2a1a7d243108d5ff9de037bcd4c|0,2025-09-10T22:17:58.000Z,11,LEGIONARIES,FALSE,FALSE,31,15,6,10,37,24,9,3,31,9,9,12,41,31,9,2,45,27,9,9,55,28,15,12,15,9,3,3,17,8,3,6,74,45,18,11,26,10,7,10,3128,3347,3617,2235,450191,234901,107187,108103,287481,172708,61572,53201,154778,58420,43505,52853,154385,58027,43505,52853,393,393,0,0,49,46,52,58,4,1,1,1,9,3,3,3,40,21,8,11,50,31,13,6,1,1,0,0,72,44,16,12,28,11,8,9,28,11,8,9,0,0,0,0,36,39,34,30,15,6,4,4,53,27,14,12,27,16,5,6,20,13,5,3,3,2,1,1,1740,1173,297,270,1865,939,350,576,62,35,10,17,164,51,46,67,1374,725,271,378,1238,499,346,393,1228,489,346,393,10,10,0,0,1,0,0,1,2,1,0,1,3,0,3,0,6,4,0,2,8,7,0,1,1,1,0,0,120,0,0,0,0,0,0,0,2,0,0,0,0,0,0,0,0,0,0,0,0,0,0,0,0,0,0,0,0,0,0,0,0,0,0,0,0,0,0,0,0,0,0,0,0,0,0,0,79,48,15,16,11,7,3,1,8,8,0,0,240,151,69,20,940,568,180,192,860,549,231,80
seargd,Epic|79e5e2a1a7d243108d5ff9de037bcd4c|0,2025-09-10T22:34:54.000Z,15,LEGIONARIES,FALSE,FALSE,35,24,6,5,36,27,6,3,32,14,10,7,38,34,4,0,46,33,10,3,54,37,10,7,9,5,3,1,26,19,5,2,71,55,12,4,29,16,7,6,2940,2915,3141,2890,411693,271411,88300,51982,276506,205069,51389,20048,129027,62907,35556,30564,128838,62718,35556,30564,189,189,0,0,48,45,53,59,3,1,1,1,6,2,2,2,37,25,7,5,56,43,10,4,0,0,0,0,74,56,13,5,26,14,7,5,26,14,7,5,0,0,0,0,39,40,41,33,13,6,6,1,50,36,8,5,28,18,6,4,22,16,5,1,6,5,1,0,2006,1200,726,80,1709,1033,372,304,126,73,30,23,133,37,48,48,1212,762,269,181,1098,597,284,217,1097,596,284,217,1,1,0,0,2,1,1,0,2,1,0,1,2,1,1,0,6,4,1,1,3,3,0,0,0,0,0,0,209,0,0,0,0,0,0,0,1,0,0,0,1,0,0,0,1,0,0,0,1,1,0,0,1,1,0,0,11,11,0,0,50,50,0,0,83,83,0,0,11,11,0,0,59,59,0,0,70,51,11,8,15,8,7,0,20,12,8,0,378,286,92,0,820,600,124,96,1122,514,608,0
Styk75,Steam|76561197984586200|0,2025-09-10T22:08:37.000Z,9,LEGIONARIES,FALSE,FALSE,36,14,9,13,34,22,6,5,43,14,10,18,32,24,5,2,50,25,12,13,50,25,11,14,8,4,1,3,11,5,3,3,66,38,16,12,34,13,7,15,3178,3577,3649,2441,394730,193346,95603,105781,280783,152295,61530,66958,109283,38936,32686,37661,100543,33395,29487,37661,8740,5541,3199,0,47,46,57,48,2,1,1,1,7,2,2,2,33,15,8,10,59,33,12,14,1,1,0,0,76,41,16,19,24,9,7,8,21,7,6,8,3,2,1,0,67,70,77,62,3,0,2,0,16,9,5,2,26,8,3,15,58,34,14,10,21,12,7,2,1522,710,544,268,1257,506,192,559,54,13,9,32,90,24,33,33,926,379,157,390,969,358,296,315,849,285,249,315,120,73,47,0,1,0,0,1,1,1,0,0,3,1,1,1,3,1,1,1,1,1,0,0,2,2,0,0,130,0,0,0,0,0,0,0,3,0,0,0,0,0,0,0,0,0,0,0,0,0,0,0,1,1,0,0,74,74,0,0,36,36,0,0,0,0,0,0,74,74,0,0,0,0,0,0,49,26,7,16,10,5,4,1,12,0,8,4,250,164,47,39,576,312,76,188,750,336,353,61
Styk75,Steam|76561197984586200|0,2025-09-10T22:17:58.000Z,11,LEGIONARIES,FALSE,FALSE,30,13,8,8,31,17,9,4,31,9,7,15,30,19,9,2,47,23,13,12,53,27,12,13,8,5,3,0,11,3,2,5,72,39,20,13,28,10,5,13,3010,3111,3169,2684,428483,202826,112567,113090,323373,164766,85393,73214,101096,36734,25946,38416,97849,33487,25946,38416,3247,3247,0,0,47,44,51,49,1,0,0,1,3,0,1,2,37,18,10,8,59,30,13,15,1,1,0,0,79,41,20,19,21,9,5,7,20,8,5,7,1,1,0,0,55,58,57,49,6,2,2,2,23,11,5,7,40,19,10,11,36,19,10,7,12,8,4,1,1298,769,315,214,1287,737,213,337,27,11,16,0,45,5,10,30,863,436,193,234,954,426,216,312,913,385,216,312,41,41,0,0,2,0,2,0,1,0,1,0,2,1,1,0,3,2,1,0,2,1,1,0,0,0,0,0,92,0,0,0,0,0,0,0,0,0,0,0,0,0,0,0,0,0,0,0,0,0,0,0,0,0,0,0,0,0,0,0,0,0,0,0,0,0,0,0,0,0,0,0,0,0,0,0,69,36,12,21,8,6,2,0,12,8,4,0,223,211,12,0,816,424,140,252,577,389,188,0
Styk75,Steam|76561197984586200|0,2025-09-10T22:26:31.000Z,13,LEGIONARIES,FALSE,FALSE,38,15,8,14,29,14,10,5,37,8,12,18,27,16,9,2,56,20,15,22,44,22,14,8,13,3,6,4,15,3,3,8,71,32,23,16,29,9,6,14,3019,3024,3499,2602,396242,165915,112834,117493,280834,132081,77943,70810,110930,32262,33398,45270,101199,29795,31236,40168,9731,2467,2162,5102,47,47,47,46,2,0,1,1,4,1,2,1,36,16,9,11,59,23,18,18,1,1,0,0,74,33,21,19,26,8,7,11,24,7,7,10,2,0,0,1,59,63,55,58,5,1,4,0,27,9,10,8,25,8,7,10,48,24,12,13,18,7,7,4,1597,552,645,400,1449,603,291,555,95,18,64,13,64,10,31,23,1032,452,218,362,1066,323,293,450,980,303,275,402,86,20,18,48,5,0,1,4,2,1,0,1,3,0,3,0,3,2,0,1,6,2,1,3,2,1,1,0,323,0,0,0,0,0,0,0,1,0,0,0,0,0,0,0,3,0,0,0,0,0,0,0,1,0,0,1,100,0,0,100,25,0,0,25,0,0,0,0,100,0,0,100,0,0,0,0,58,31,12,15,12,3,6,3,28,26,2,0,252,56,100,96,668,346,142,180,948,244,500,204
rocketleaguebrah,Epic|072a36ac22b64220832c3543fb44b993|0,2025-09-10T22:26:31.000Z,13,LEGIONARIES,FALSE,FALSE,28,11,7,9,37,19,10,8,28,8,5,15,44,30,12,2,42,19,12,10,58,31,15,12,5,0,2,3,4,0,2,2,73,41,22,10,27,10,5,13,3537,3755,3965,3159,475756,231732,125190,118834,381631,199142,105908,76581,90277,31737,17849,40691,87739,29199,17849,40691,2538,2538,0,0,55,53,62,62,5,1,2,2,15,4,5,6,44,24,10,10,41,22,12,6,1,0,0,0,83,44,24,15,17,7,3,7,15,6,3,7,1,1,0,0,49,52,64,35,12,3,4,6,38,16,9,13,27,17,5,5,35,17,13,5,10,5,5,0,2792,1464,786,542,2782,1243,664,875,372,78,99,195,227,58,65,104,2219,939,609,671,699,287,122,290,644,232,122,290,55,55,0,0,0,0,0,0,2,0,1,1,0,0,0,0,4,0,2,2,2,0,0,2,0,0,0,0,116,0,0,0,0,0,0,0,2,0,0,0,0,0,0,0,1,0,0,0,0,0,0,0,0,0,0,0,0,0,0,0,0,0,0,0,0,0,0,0,0,0,0,0,0,0,0,0,113,80,15,18,19,7,8,4,37,20,10,7,428,101,275,52,1319,940,170,209,1472,599,525,348
rocketleaguebrah,Epic|072a36ac22b64220832c3543fb44b993|0,2025-09-10T22:34:54.000Z,15,LEGIONARIES,FALSE,FALSE,33,19,5,9,39,28,6,6,34,13,7,13,36,30,6,0,42,28,7,6,58,39,9,11,4,2,1,1,11,6,2,3,73,52,12,9,27,14,5,8,3107,3097,3406,3305,396529,246997,71383,78149,320965,217373,56418,47174,72953,28801,14487,29665,71597,27445,14487,29665,1356,1356,0,0,47,44,58,54,3,1,1,2,6,3,1,2,38,22,8,8,55,41,7,7,1,1,0,0,82,58,13,11,18,8,4,6,17,7,4,6,1,1,0,0,48,53,54,31,17,4,4,8,36,20,6,10,30,22,5,3,34,24,6,4,6,4,0,1,2190,1249,583,358,1973,1199,392,382,217,87,49,81,128,36,23,69,1606,960,356,290,763,327,175,261,733,297,175,261,30,30,0,0,2,1,1,0,1,1,0,0,2,0,1,1,2,1,0,1,1,1,0,0,0,0,0,0,195,0,0,0,0,0,0,0,1,0,0,0,0,0,0,0,2,0,0,0,0,0,0,0,2,0,1,1,79,0,51,28,66,0,83,49,0,0,0,0,40,0,51,28,0,0,0,0,85,66,8,11,15,6,6,3,50,42,8,0,272,99,109,64,970,750,88,132,1228,501,491,236
zag_42,PS4|6648278442800077976|0,2025-09-10T21:18:52.000Z,2,GARLIC KNOTS,FALSE,FALSE,33,16,7,10,28,17,7,4,26,10,8,9,36,27,7,3,50,27,12,11,50,25,12,13,12,6,2,4,12,5,3,4,74,43,16,15,26,9,7,10,3040,3240,3812,2458,428852,218237,105885,104730,317517,175617,68078,73822,106750,41160,35959,29631,104091,38501,35959,29631,2659,2659,0,0,51,50,62,51,3,1,1,1,5,1,2,2,46,23,12,11,49,27,10,11,0,0,0,0,77,42,17,18,23,10,7,6,22,9,7,6,1,1,0,0,36,39,36,36,19,8,6,6,52,23,15,13,25,17,3,5,23,12,5,6,2,1,0,0,1758,839,585,334,1586,816,368,402,76,1,31,44,110,23,34,53,1304,643,340,321,930,388,288,254,897,355,288,254,33,33,0,0,1,1,0,0,2,2,0,0,4,1,2,1,5,3,1,1,4,2,0,2,3,1,0,2,258,0,0,0,1,0,0,0,2,0,0,0,0,0,0,0,1,0,0,0,1,0,1,0,2,0,2,0,123,0,123,0,36,0,36,0,70,0,70,0,62,0,62,0,8,0,8,0,86,56,11,19,8,2,4,2,11,5,0,6,58,5,31,22,1021,667,132,222,742,195,369,178
zag_42,PS4|6648278442800077976|0,2025-09-10T21:26:54.000Z,4,GARLIC KNOTS,FALSE,FALSE,34,16,8,10,39,28,7,4,33,13,7,14,43,33,9,1,47,31,10,7,53,29,12,11,12,6,3,3,13,7,3,3,74,47,17,10,26,13,5,9,2769,3094,2838,2152,415603,244479,93559,77565,305544,193698,66217,45629,106188,48561,26202,31425,101985,48561,26202,27222,4203,0,0,4203,48,47,59,50,3,1,1,1,7,3,2,2,39,25,8,5,54,31,12,11,1,1,0,0,78,49,17,12,22,11,5,6,21,11,5,6,1,0,0,1,39,44,44,24,19,6,4,8,45,25,9,12,34,19,9,6,21,16,4,1,3,2,1,0,1563,974,417,172,1588,979,330,279,121,64,38,19,154,57,47,50,1303,802,295,206,944,469,197,278,909,469,197,243,35,0,0,35,2,1,1,0,2,1,1,0,4,0,4,0,4,2,1,1,3,3,0,0,2,2,0,0,301,0,0,0,1,0,0,0,1,0,0,0,0,0,0,0,1,0,0,0,0,0,0,0,2,1,0,1,92,34,0,58,40,29,0,51,0,0,0,0,46,34,0,58,0,0,0,0,75,55,12,8,9,4,4,1,19,19,0,0,190,61,129,0,881,641,144,96,710,339,271,100
,,,,,,,33.6875,15.22916667,7.1875,11.33333333,33.65625,20.75,7.447916667,5.375,33.64583333,10.20833333,8.270833333,15.17708333,33.60416667,25.40625,6.614583333,1.604166667,49.17708333,26.0625,11.13541667,11.88541667,50.82291667,26.92708333,11.11458333,12.80208333,12.41291667,5.55625,3.216770833,3.6396875,16.42708333,6.9375,3.78125,5.729166667,72.21875,43.40625,15.85416667,12.91666667,27.78125,9.572916667,6.385416667,11.875,2975.145833,3173.760417,3442.322917,2440.9375,423767.8499,214517.6078,98144.35573,111105.8864,295406.234,164863.4571,66634.55531,63908.22146,122901.9825,47494.13156,29994.36188,45413.48896,117973.0768,45556.58063,29045.85708,43370.63917,4928.905625,1937.550938,948.5047917,2042.849792,49.67708333,47.77083333,57.5625,53.22916667,3.083333333,1.010416667,0.833333333,1.197916667,7.416666667,2.739583333,2.260416667,2.479166667,41.44791667,20.875,9.458333333,11.10416667,50.33333333,28.90625,10.45833333,10.97916667,0.666666667,0.46875,0.03125,0.03125,74.17708333,42.42708333,16.21875,15.48958333,25.82291667,10.60416667,6.010416667,9.229166667,24.61458333,10.05208333,5.8125,8.739583333,1.208333333,0.552083333,0.125,0.520833333,51.625,56.42708333,55.89583333,42.11458333,11.58333333,3.9375,3.604166667,4.010416667,35.07291667,16,8.270833333,10.89583333,25.23958333,13.09375,5.104166667,7,39.66666667,23.90625,8.895833333,6.833333333,11.84375,7.677083333,2.666666667,1.458333333,1902.261667,958.0065625,570.1359375,374.1190625,1821.726771,913.153125,364.5075,544.0663542,103.3267708,39.60875,27.33989583,36.3784375,130.83,42.29114583,38.42052083,50.11854167,1328.135833,676.950625,275.4435417,375.7415625,1075.780938,439.9547917,250.9121875,384.9138542,1022.255417,416.7133333,242.1507292,363.3910417,53.525625,23.24145833,8.761458333,21.52270833,2.18375,0.8315625,0.562083333,0.789895833,2.183645833,0.936458333,0.509583333,0.737604167,2.2684375,0.5821875,1.103958333,0.582291667,3.651145833,1.789166667,0.79125,1.070729167,3.651145833,1.945,0.614166667,1.091770833,1.893125,0.926458333,0.332604167,0.634166667,289.8117708,0,0,0,0.687395833,0,0,0,2.2275,0,0,0,0.426979167,0,0,0,1.0090625,0,0,0,0.395625,0.104166667,0.166458333,0.125,0.583125,0.21875,0.187291667,0.177083333,29.7225,11.8125,8.75375,9.15625,19.39583333,9.5625,7.604166667,7.072916667,21.09375,6.5625,10.76041667,6.875,22.65625,10.40625,8.145833333,9.15625,11.65625,4.197916667,6.25,3.96875,58.9125,35.91010417,9.2946875,13.70760417,14.56177083,6.443645833,5.4015625,2.716458333,26.81135417,19.1071875,3.509479167,4.1946875,288.4065625,131.2580208,102.0675,55.08104167,680.1392708,411.8155208,108.0283333,160.2955208,1167.76125,513.1086458,438.0914583,216.5611458
